verification_result,failed_attempts,verification_frequency,key_size,algorithm,hour,signature_size,certificate_valid,source_frequency,failed_verification_rate,document_size,metadata_anomaly,replay_indicator,key_age_days,time_since_previous,threat
1,24,29,2048,RSA-PSS,17,638,1,3,0.8275862068965517,4531,0,0,1181,243,1
1,9,15,3072,RSA-PKCS1v15,22,888,1,7,0.6,3136,0,0,847,695,1
1,2,8,2048,RSA-PSS,10,896,1,29,0.25,2386,0,0,81,158,0
1,10,21,4096,RSA-PSS,0,718,1,34,0.47619047619047616,463,0,0,1232,146,0
1,12,19,3072,RSA-PKCS1v15,18,706,1,7,0.631578947368421,3469,0,0,826,340,1
1,20,23,2048,RSA-PSS,21,773,0,17,0.8695652173913043,4869,0,0,1110,866,1
1,7,11,3072,RSA-PSS,9,950,1,13,0.6363636363636364,3511,1,0,744,745,1
1,7,11,2048,RSA-PKCS1v15,1,805,1,21,0.6363636363636364,3557,0,0,1471,92,1
1,3,24,3072,RSA-PSS,6,371,1,31,0.125,1158,0,0,177,329,0
1,14,24,4096,RSA-PKCS1v15,19,869,1,9,0.5833333333333334,532,0,0,511,172,1
1,2,3,2048,RSA-PSS,1,263,1,45,0.6666666666666666,4587,0,0,1643,702,0
1,10,22,2048,RSA-PSS,18,473,1,47,0.45454545454545453,131,1,0,139,31,1
1,2,2,1024,RSA-PSS,5,974,1,13,1.0,3628,0,0,1126,621,0
1,0,24,3072,RSA-PSS,9,845,1,17,0.0,4686,0,0,473,272,0
1,16,30,2048,RSA-PKCS1v15,8,659,1,8,0.5333333333333333,3732,0,1,1846,95,1
1,2,2,2048,RSA-PKCS1v15,7,822,1,9,1.0,3093,0,0,542,989,0
1,19,21,2048,RSA-PKCS1v15,10,559,1,9,0.9047619047619048,2182,1,0,194,77,1
1,23,33,2048,RSA-PSS,8,722,1,40,0.696969696969697,2716,0,0,1857,151,1
1,5,12,4096,RSA-PSS,19,995,0,48,0.4166666666666667,4823,0,1,1780,142,1
1,14,22,2048,RSA-PKCS1v15,19,343,1,30,0.6363636363636364,3317,0,0,486,231,1
1,8,25,3072,RSA-PKCS1v15,8,265,1,7,0.32,3652,0,0,1338,770,0
0,13,27,4096,RSA-PKCS1v15,7,563,1,17,0.48148148148148145,2827,0,0,1721,908,1
1,17,28,3072,RSA-PKCS1v15,14,689,1,39,0.6071428571428571,4511,1,0,805,954,1
1,16,16,2048,RSA-PSS,1,419,1,38,1.0,1494,0,0,247,128,1
1,1,15,3072,RSA-PKCS1v15,23,494,1,5,0.06666666666666667,286,1,0,630,860,0
1,0,3,4096,RSA-PSS,0,572,0,17,0.0,1258,1,0,438,736,1
1,3,7,1024,RSA-PKCS1v15,8,911,1,40,0.42857142857142855,1134,0,0,73,696,0
1,19,21,2048,RSA-PSS,8,590,1,1,0.9047619047619048,2911,0,0,1093,497,1
1,8,9,2048,RSA-PKCS1v15,12,273,0,16,0.8888888888888888,1667,0,0,754,280,1
1,10,18,2048,RSA-PKCS1v15,7,326,1,17,0.5555555555555556,1763,0,0,1176,805,1
1,0,4,2048,RSA-PSS,20,430,0,30,0.0,4612,0,0,831,541,0
0,17,25,3072,RSA-PSS,4,594,1,31,0.68,3668,0,0,94,810,1
1,5,14,2048,RSA-PKCS1v15,2,503,1,35,0.35714285714285715,3412,0,0,435,530,0
1,1,9,3072,RSA-PSS,20,448,1,45,0.1111111111111111,4342,0,0,1807,131,0
1,14,26,3072,RSA-PKCS1v15,3,674,0,8,0.5384615384615384,761,0,0,1455,461,1
1,0,2,3072,RSA-PSS,16,580,1,48,0.0,174,0,0,457,269,0
1,20,20,3072,RSA-PKCS1v15,15,561,1,30,1.0,1702,0,0,1454,618,1
0,13,28,2048,RSA-PKCS1v15,15,459,1,39,0.4642857142857143,1966,0,0,229,669,1
1,4,7,4096,RSA-PKCS1v15,19,378,1,21,0.5714285714285714,3870,0,0,30,962,0
0,5,8,3072,RSA-PKCS1v15,2,825,1,15,0.625,2785,0,0,1649,571,1
1,21,35,3072,RSA-PKCS1v15,5,702,1,34,0.6,3299,0,1,335,604,1
1,13,14,4096,RSA-PKCS1v15,0,968,1,27,0.9285714285714286,1778,1,0,660,944,1
1,17,17,2048,RSA-PKCS1v15,20,746,0,2,1.0,2433,0,0,569,260,1
1,1,4,2048,RSA-PKCS1v15,15,688,1,10,0.25,4536,0,0,177,51,0
0,1,2,3072,RSA-PSS,14,879,1,5,0.5,3706,0,0,824,133,1
0,4,6,3072,RSA-PSS,6,383,1,27,0.6666666666666666,792,0,0,568,679,1
1,2,4,4096,RSA-PSS,1,803,1,4,0.5,3788,0,0,409,809,0
0,29,29,4096,RSA-PKCS1v15,9,1001,0,47,1.0,964,0,0,777,5,1
1,5,18,2048,RSA-PKCS1v15,14,302,1,13,0.2777777777777778,2002,1,1,1261,648,1
0,7,26,2048,RSA-PKCS1v15,5,760,1,17,0.2692307692307692,1669,1,0,1302,738,1
1,32,34,2048,RSA-PSS,1,370,1,21,0.9411764705882353,150,0,0,77,502,1
1,0,10,2048,RSA-PSS,23,671,1,23,0.0,729,0,1,933,184,0
0,10,14,4096,RSA-PSS,23,1022,0,33,0.7142857142857143,1660,0,0,636,409,1
1,12,31,4096,RSA-PSS,16,478,1,50,0.3870967741935484,3583,0,0,540,91,1
1,1,15,3072,RSA-PSS,0,891,1,15,0.06666666666666667,3484,0,0,1678,436,0
0,5,8,1024,RSA-PKCS1v15,0,758,1,14,0.625,1025,0,0,1182,820,1
1,8,14,2048,RSA-PSS,3,927,1,9,0.5714285714285714,4393,1,0,1191,903,1
1,15,23,2048,RSA-PKCS1v15,19,351,1,44,0.6521739130434783,352,0,0,1209,189,1
1,3,21,4096,RSA-PKCS1v15,15,362,0,37,0.14285714285714285,3193,0,0,1413,996,1
0,2,16,2048,RSA-PKCS1v15,7,887,1,30,0.125,2711,1,0,12,480,1
1,15,18,4096,RSA-PSS,0,868,1,29,0.8333333333333334,985,1,0,1955,981,1
1,23,24,3072,RSA-PSS,18,870,1,23,0.9583333333333334,2593,0,1,169,815,1
0,26,26,3072,RSA-PKCS1v15,10,933,1,34,1.0,3130,0,0,831,383,1
1,25,25,2048,RSA-PSS,16,953,1,7,1.0,1833,0,0,1450,850,1
1,29,29,3072,RSA-PSS,9,287,0,9,1.0,4436,0,0,1917,322,1
1,8,15,3072,RSA-PKCS1v15,11,748,1,50,0.5333333333333333,4470,0,0,449,443,1
1,1,1,4096,RSA-PKCS1v15,8,321,1,4,1.0,20,0,0,1518,490,0
0,10,25,2048,RSA-PKCS1v15,6,434,0,2,0.4,4614,0,0,449,133,1
1,4,7,3072,RSA-PKCS1v15,11,698,1,27,0.5714285714285714,2637,0,0,1130,684,0
0,8,9,3072,RSA-PKCS1v15,14,804,1,33,0.8888888888888888,1478,0,0,1790,426,1
0,17,24,2048,RSA-PSS,7,456,1,32,0.7083333333333334,1123,0,1,427,250,1
1,0,1,2048,RSA-PKCS1v15,16,304,1,44,0.0,631,1,0,956,61,0
1,6,8,4096,RSA-PSS,4,935,1,45,0.75,910,0,0,916,959,1
1,22,24,1024,RSA-PSS,13,518,1,46,0.9166666666666666,3757,0,0,1122,562,1
0,5,11,2048,RSA-PKCS1v15,1,388,1,37,0.45454545454545453,4074,0,0,631,422,1
1,17,17,2048,RSA-PKCS1v15,15,599,1,27,1.0,1481,0,0,226,476,1
1,5,8,3072,RSA-PSS,16,431,0,28,0.625,3113,1,0,447,223,1
0,3,35,2048,RSA-PKCS1v15,2,646,1,3,0.08571428571428572,336,0,0,1911,438,1
1,28,35,3072,RSA-PSS,22,266,1,36,0.8,83,0,0,1688,684,1
0,33,33,2048,RSA-PKCS1v15,0,456,1,49,1.0,260,0,1,1500,920,1
1,0,5,2048,RSA-PKCS1v15,17,258,1,43,0.0,2507,0,0,203,384,0
1,10,28,3072,RSA-PSS,17,469,1,8,0.35714285714285715,2412,0,1,968,319,1
1,2,7,2048,RSA-PSS,3,562,1,44,0.2857142857142857,4638,0,0,675,225,0
1,4,9,4096,RSA-PKCS1v15,14,799,1,50,0.4444444444444444,305,0,0,1321,423,0
1,1,8,1024,RSA-PKCS1v15,18,815,1,50,0.125,307,0,0,634,908,0
0,1,12,2048,RSA-PKCS1v15,18,582,1,41,0.08333333333333333,311,0,0,16,191,1
1,7,34,2048,RSA-PSS,9,1019,1,37,0.20588235294117646,4617,0,0,1402,871,1
1,12,33,2048,RSA-PKCS1v15,4,454,1,49,0.36363636363636365,594,0,0,1360,777,1
1,9,23,4096,RSA-PKCS1v15,18,856,1,45,0.391304347826087,3634,0,0,618,756,1
1,7,24,4096,RSA-PKCS1v15,10,364,1,38,0.2916666666666667,1644,0,0,1798,79,1
1,29,35,1024,RSA-PKCS1v15,6,546,1,22,0.8285714285714286,62,0,0,1044,855,1
1,3,22,3072,RSA-PSS,4,363,1,14,0.13636363636363635,2286,0,0,440,365,0
1,14,27,3072,RSA-PSS,19,663,1,15,0.5185185185185185,2697,0,0,1268,22,1
1,29,35,2048,RSA-PSS,11,807,1,46,0.8285714285714286,2854,0,0,1268,548,1
1,0,1,2048,RSA-PKCS1v15,18,307,1,4,0.0,4896,0,0,971,330,0
1,16,35,4096,RSA-PKCS1v15,14,367,1,18,0.45714285714285713,4600,0,0,392,156,0
1,10,14,4096,RSA-PKCS1v15,11,550,1,1,0.7142857142857143,4958,0,0,724,56,1
1,3,3,4096,RSA-PSS,3,835,1,12,1.0,2728,0,0,736,867,0
1,1,1,4096,RSA-PSS,11,444,1,41,1.0,3945,0,0,1889,248,0
0,1,5,3072,RSA-PSS,17,976,1,42,0.2,672,0,0,1286,925,1
1,21,26,2048,RSA-PSS,16,320,1,50,0.8076923076923077,17,0,0,220,261,1
1,12,14,2048,RSA-PKCS1v15,18,829,1,17,0.8571428571428571,3693,0,0,1032,772,1
0,21,27,2048,RSA-PSS,15,720,1,19,0.7777777777777778,3097,0,0,446,435,1
0,8,9,3072,RSA-PSS,10,513,1,36,0.8888888888888888,4771,0,0,14,527,1
1,4,15,4096,RSA-PKCS1v15,1,901,1,48,0.26666666666666666,678,0,0,387,478,0
1,9,15,4096,RSA-PSS,15,889,1,7,0.6,3174,0,0,642,700,1
1,3,26,4096,RSA-PKCS1v15,0,586,1,9,0.11538461538461539,1295,1,0,1046,538,0
1,4,13,4096,RSA-PKCS1v15,16,756,1,8,0.3076923076923077,3630,1,0,225,535,0
1,27,32,4096,RSA-PKCS1v15,17,938,1,25,0.84375,170,0,0,235,381,1
1,27,32,2048,RSA-PKCS1v15,12,465,1,7,0.84375,2408,1,0,1365,103,1
0,1,4,4096,RSA-PKCS1v15,4,344,1,42,0.25,3255,1,0,1990,29,1
0,30,30,3072,RSA-PSS,23,934,1,8,1.0,27,1,0,1000,854,1
1,10,23,2048,RSA-PSS,5,283,1,24,0.43478260869565216,2543,0,0,711,483,0
1,4,15,4096,RSA-PKCS1v15,0,493,1,17,0.26666666666666666,4456,0,0,1158,57,0
0,23,29,4096,RSA-PSS,9,591,1,12,0.7931034482758621,2585,0,0,1202,62,1
1,9,13,2048,RSA-PKCS1v15,4,318,1,46,0.6923076923076923,4977,0,0,1580,955,1
0,1,32,1024,RSA-PSS,0,1022,1,31,0.03125,2327,0,1,1544,48,1
1,6,7,3072,RSA-PSS,22,808,1,12,0.8571428571428571,2928,0,0,792,367,1
1,7,22,3072,RSA-PSS,10,755,1,2,0.3181818181818182,1063,0,0,1563,978,0
1,15,28,4096,RSA-PSS,23,796,1,12,0.5357142857142857,325,0,0,437,547,1
1,2,2,2048,RSA-PSS,23,724,1,27,1.0,4842,0,0,1075,558,0
1,5,6,2048,RSA-PSS,6,847,1,46,0.8333333333333334,2221,0,0,1948,545,1
1,4,28,2048,RSA-PSS,17,306,0,7,0.14285714285714285,329,0,0,1467,327,1
1,26,28,1024,RSA-PKCS1v15,20,367,1,13,0.9285714285714286,4537,0,0,581,738,1
1,2,20,1024,RSA-PKCS1v15,19,556,1,36,0.1,2725,0,0,1993,266,0
1,11,30,4096,RSA-PKCS1v15,20,345,1,1,0.36666666666666664,643,0,0,1305,728,0
1,9,11,2048,RSA-PSS,9,484,1,49,0.8181818181818182,1715,0,0,1068,729,1
1,3,28,2048,RSA-PSS,14,405,1,35,0.10714285714285714,4830,0,0,687,176,0
1,8,25,1024,RSA-PKCS1v15,3,1010,1,30,0.32,682,0,0,1655,44,1
0,26,33,2048,RSA-PKCS1v15,15,393,1,31,0.7878787878787878,2289,0,0,365,219,1
0,1,1,4096,RSA-PSS,14,390,0,17,1.0,3557,0,0,1912,126,1
1,18,27,3072,RSA-PKCS1v15,14,712,1,8,0.6666666666666666,480,0,0,269,882,1
1,0,13,4096,RSA-PKCS1v15,11,856,0,3,0.0,3241,0,0,1717,966,0
1,3,3,2048,RSA-PKCS1v15,7,749,1,10,1.0,2617,0,0,1589,379,0
0,0,6,2048,RSA-PKCS1v15,7,782,1,34,0.0,3342,0,0,1317,319,0
1,6,8,3072,RSA-PSS,17,588,1,22,0.75,2630,0,0,1727,305,1
1,16,27,2048,RSA-PKCS1v15,5,617,1,4,0.5925925925925926,4707,0,0,1218,200,1
1,2,9,4096,RSA-PKCS1v15,4,429,1,32,0.2222222222222222,1392,0,1,1395,85,0
1,19,33,2048,RSA-PKCS1v15,1,857,0,29,0.5757575757575758,4385,0,0,1576,41,1
1,19,24,3072,RSA-PKCS1v15,11,468,1,46,0.7916666666666666,1195,0,0,78,723,1
1,4,15,2048,RSA-PSS,3,598,1,11,0.26666666666666666,1920,0,0,189,866,0
1,29,32,3072,RSA-PKCS1v15,22,316,1,46,0.90625,925,0,0,1631,551,1
1,26,32,4096,RSA-PKCS1v15,12,987,1,13,0.8125,1627,1,0,1414,363,1
1,13,24,3072,RSA-PKCS1v15,16,316,0,4,0.5416666666666666,1693,0,1,1049,919,1
1,0,12,3072,RSA-PKCS1v15,15,933,1,2,0.0,2435,0,0,1639,269,0
1,1,2,4096,RSA-PKCS1v15,8,779,1,34,0.5,435,0,1,1326,362,1
0,0,3,3072,RSA-PSS,0,471,1,43,0.0,1797,0,0,671,367,1
0,17,17,2048,RSA-PKCS1v15,14,844,1,22,1.0,2594,0,0,358,181,1
1,0,2,2048,RSA-PKCS1v15,11,999,1,5,0.0,4658,0,1,1744,231,0
1,1,2,3072,RSA-PSS,4,879,1,9,0.5,178,0,1,959,988,1
1,0,28,3072,RSA-PKCS1v15,22,833,1,20,0.0,524,0,0,1883,70,0
0,12,23,2048,RSA-PSS,23,949,1,21,0.5217391304347826,3445,0,1,1118,825,1
1,19,32,2048,RSA-PKCS1v15,17,678,1,17,0.59375,4535,1,0,1860,588,1
1,22,33,4096,RSA-PSS,19,971,1,12,0.6666666666666666,2626,0,1,1575,963,1
0,1,1,2048,RSA-PSS,1,678,0,28,1.0,2387,0,1,336,944,1
1,10,19,2048,RSA-PKCS1v15,3,626,1,18,0.5263157894736842,700,0,0,1188,788,1
0,0,2,2048,RSA-PSS,14,461,1,3,0.0,3214,0,0,903,489,0
1,8,26,4096,RSA-PKCS1v15,5,541,1,5,0.3076923076923077,2514,0,0,341,234,0
1,4,32,2048,RSA-PSS,21,360,1,14,0.125,362,0,0,834,830,0
1,1,6,3072,RSA-PSS,11,1009,1,48,0.16666666666666666,1127,0,0,567,429,0
1,0,32,2048,RSA-PKCS1v15,17,1002,0,26,0.0,1415,0,0,72,831,1
1,0,4,3072,RSA-PSS,19,943,1,19,0.0,3949,0,0,1066,648,0
1,5,11,4096,RSA-PKCS1v15,3,978,1,41,0.45454545454545453,4184,0,0,411,666,0
0,1,17,2048,RSA-PSS,0,798,1,17,0.058823529411764705,687,0,0,898,294,0
0,23,24,3072,RSA-PSS,14,1002,1,39,0.9583333333333334,560,0,0,838,348,1
1,4,5,2048,RSA-PKCS1v15,17,497,1,42,0.8,829,0,0,644,99,0
1,28,34,2048,RSA-PKCS1v15,13,746,1,4,0.8235294117647058,223,0,0,21,876,1
1,3,6,4096,RSA-PSS,2,920,1,42,0.5,1676,0,0,1025,361,0
1,4,22,2048,RSA-PKCS1v15,14,963,0,35,0.18181818181818182,4774,0,0,678,937,1
1,10,11,3072,RSA-PKCS1v15,4,753,1,24,0.9090909090909091,903,0,0,1596,875,1
1,2,16,2048,RSA-PSS,23,690,1,41,0.125,4264,0,0,1100,358,0
1,11,33,2048,RSA-PSS,21,739,1,13,0.3333333333333333,4086,0,0,603,130,0
1,9,9,2048,RSA-PKCS1v15,2,702,0,33,1.0,3915,0,0,1422,519,1
1,2,6,3072,RSA-PSS,21,639,1,15,0.3333333333333333,2796,0,0,1743,383,0
1,12,16,3072,RSA-PKCS1v15,6,765,1,15,0.75,2258,0,0,88,617,1
0,27,29,3072,RSA-PKCS1v15,5,425,1,31,0.9310344827586207,31,0,0,1618,921,1
0,2,3,2048,RSA-PKCS1v15,21,578,1,43,0.6666666666666666,3323,0,0,17,819,1
1,14,20,1024,RSA-PKCS1v15,0,729,1,28,0.7,1271,0,0,1353,562,1
1,6,19,4096,RSA-PKCS1v15,18,487,1,10,0.3157894736842105,1182,0,0,943,736,0
0,25,26,4096,RSA-PKCS1v15,6,951,1,7,0.9615384615384616,4890,0,0,1234,64,1
1,3,3,2048,RSA-PSS,3,614,1,33,1.0,2064,0,0,824,396,0
1,4,19,3072,RSA-PKCS1v15,11,530,1,7,0.21052631578947367,1902,0,0,383,181,0
1,20,20,2048,RSA-PSS,19,287,1,5,1.0,2825,0,0,1589,587,1
0,13,32,4096,RSA-PKCS1v15,22,432,1,26,0.40625,4684,0,0,640,778,1
0,3,7,4096,RSA-PSS,17,320,1,16,0.42857142857142855,4594,0,0,1170,189,0
1,22,33,4096,RSA-PSS,8,965,1,8,0.6666666666666666,1797,0,0,453,183,1
1,9,18,4096,RSA-PSS,18,282,1,22,0.5,2000,0,0,816,867,1
1,1,1,2048,RSA-PKCS1v15,21,918,1,34,1.0,4327,0,0,1417,492,0
1,1,11,4096,RSA-PSS,3,734,1,40,0.09090909090909091,2470,0,0,310,580,0
0,19,28,3072,RSA-PSS,0,523,1,28,0.6785714285714286,2641,0,0,931,170,1
0,12,25,2048,RSA-PKCS1v15,8,852,1,46,0.48,2278,0,0,492,322,1
1,7,23,3072,RSA-PSS,14,321,1,36,0.30434782608695654,2186,0,0,760,172,1
0,8,31,4096,RSA-PSS,21,388,1,47,0.25806451612903225,886,0,0,1454,284,1
1,15,30,4096,RSA-PKCS1v15,7,621,1,7,0.5,3502,0,0,1,619,1
1,18,35,2048,RSA-PSS,14,337,1,40,0.5142857142857142,4268,0,0,41,366,1
0,7,7,3072,RSA-PSS,14,583,1,43,1.0,964,0,0,1609,111,1
0,6,16,4096,RSA-PKCS1v15,17,353,1,28,0.375,4129,0,0,672,78,1
1,13,26,2048,RSA-PSS,6,840,1,2,0.5,4298,0,0,212,698,1
1,1,2,3072,RSA-PSS,21,582,1,9,0.5,887,0,0,1357,253,0
0,0,1,3072,RSA-PSS,17,797,1,6,0.0,4495,0,0,1832,236,0
1,10,12,2048,RSA-PSS,15,380,1,1,0.8333333333333334,2554,0,0,1675,93,1
1,3,5,2048,RSA-PKCS1v15,1,465,1,3,0.6,2186,0,1,1470,642,1
1,14,32,3072,RSA-PKCS1v15,3,980,1,10,0.4375,2610,0,0,1966,695,0
1,2,9,4096,RSA-PKCS1v15,19,388,1,37,0.2222222222222222,3117,0,1,304,34,1
1,0,35,3072,RSA-PKCS1v15,15,758,1,44,0.0,3538,1,0,1579,481,1
1,2,19,4096,RSA-PSS,2,412,1,23,0.10526315789473684,2418,1,0,691,404,0
1,14,16,2048,RSA-PKCS1v15,23,814,1,33,0.875,4870,0,0,1725,815,1
1,3,3,2048,RSA-PKCS1v15,22,637,1,9,1.0,1983,1,0,1782,222,1
1,7,20,3072,RSA-PSS,1,277,1,13,0.35,3958,0,0,1834,886,0
0,3,24,2048,RSA-PSS,2,850,1,28,0.125,1248,1,0,1178,896,1
0,33,33,4096,RSA-PSS,4,674,1,7,1.0,2344,0,0,616,490,1
1,23,24,2048,RSA-PKCS1v15,1,727,1,26,0.9583333333333334,777,0,0,523,794,1
1,7,11,2048,RSA-PSS,18,489,1,16,0.6363636363636364,2426,0,0,25,340,1
1,3,8,2048,RSA-PSS,23,827,1,40,0.375,3555,0,0,808,513,0
1,2,20,4096,RSA-PSS,19,709,1,26,0.1,2319,0,0,25,961,0
1,33,35,2048,RSA-PKCS1v15,1,955,1,39,0.9428571428571428,4893,0,0,596,985,1
1,24,25,1024,RSA-PKCS1v15,1,825,1,32,0.96,4216,1,0,1130,609,1
1,22,35,2048,RSA-PKCS1v15,21,417,1,36,0.6285714285714286,4246,0,0,1777,599,1
1,20,25,4096,RSA-PKCS1v15,23,556,0,42,0.8,754,0,0,1143,843,1
0,23,29,2048,RSA-PKCS1v15,22,561,1,1,0.7931034482758621,2592,0,0,1995,252,1
0,12,18,2048,RSA-PKCS1v15,19,257,1,49,0.6666666666666666,4184,0,0,108,364,1
1,4,18,2048,RSA-PKCS1v15,17,526,1,21,0.2222222222222222,1527,0,0,1354,527,0
0,2,2,3072,RSA-PSS,19,676,1,13,1.0,2566,0,0,180,142,1
1,5,35,2048,RSA-PSS,20,398,1,26,0.14285714285714285,4171,1,0,881,311,1
1,4,16,2048,RSA-PSS,13,955,1,45,0.25,3993,0,0,131,385,0
1,9,33,2048,RSA-PKCS1v15,14,991,0,9,0.2727272727272727,1404,0,0,1831,801,1
0,4,4,3072,RSA-PKCS1v15,11,947,1,37,1.0,296,0,0,603,582,1
1,19,33,3072,RSA-PSS,10,790,0,23,0.5757575757575758,3257,0,0,1955,312,1
1,2,14,3072,RSA-PSS,10,292,1,1,0.14285714285714285,4228,0,0,753,279,0
1,18,21,4096,RSA-PKCS1v15,6,362,1,2,0.8571428571428571,2612,0,0,759,566,1
1,14,20,4096,RSA-PKCS1v15,11,552,1,43,0.7,13,0,0,168,346,1
1,3,8,2048,RSA-PKCS1v15,15,996,1,28,0.375,421,0,0,223,387,0
1,3,7,4096,RSA-PKCS1v15,4,352,1,36,0.42857142857142855,4355,0,1,469,302,1
1,3,3,3072,RSA-PKCS1v15,1,536,1,31,1.0,3737,0,0,278,764,0
0,5,17,4096,RSA-PKCS1v15,21,365,1,41,0.29411764705882354,1927,0,0,190,507,1
1,4,33,2048,RSA-PKCS1v15,15,804,1,5,0.12121212121212122,1366,0,0,531,247,0
1,12,12,3072,RSA-PKCS1v15,22,807,1,37,1.0,167,0,0,1550,646,1
1,22,22,2048,RSA-PSS,14,852,1,25,1.0,1610,0,0,1779,488,1
1,17,22,4096,RSA-PKCS1v15,10,443,0,8,0.7727272727272727,2894,0,0,621,756,1
1,29,30,2048,RSA-PKCS1v15,5,1007,1,34,0.9666666666666667,3499,0,0,1970,921,1
1,4,8,2048,RSA-PKCS1v15,12,743,1,39,0.5,2392,0,0,1214,239,0
1,24,27,2048,RSA-PSS,18,609,1,49,0.8888888888888888,162,0,0,218,529,1
1,15,27,2048,RSA-PSS,9,274,1,32,0.5555555555555556,1639,0,0,1323,924,1
1,26,34,3072,RSA-PKCS1v15,23,648,1,11,0.7647058823529411,2806,1,0,1335,928,1
1,18,21,2048,RSA-PSS,18,516,1,47,0.8571428571428571,2891,0,0,236,349,1
1,13,30,2048,RSA-PSS,4,665,1,25,0.43333333333333335,3812,0,1,168,791,1
1,15,33,4096,RSA-PSS,20,658,1,3,0.45454545454545453,2815,0,0,780,745,0
1,23,28,2048,RSA-PKCS1v15,6,925,1,45,0.8214285714285714,4090,0,0,193,912,1
0,21,33,3072,RSA-PKCS1v15,10,739,1,50,0.6363636363636364,3480,0,0,242,352,1
1,4,5,2048,RSA-PKCS1v15,13,559,1,32,0.8,1065,0,0,1186,154,0
1,7,19,2048,RSA-PKCS1v15,22,879,1,35,0.3684210526315789,2589,0,0,1900,510,0
1,0,4,4096,RSA-PKCS1v15,20,911,1,32,0.0,4158,0,0,1363,929,0
1,15,35,4096,RSA-PKCS1v15,15,1023,1,34,0.42857142857142855,2775,0,0,791,186,0
1,9,17,2048,RSA-PKCS1v15,17,273,1,37,0.5294117647058824,1338,0,0,455,944,1
1,9,28,4096,RSA-PSS,20,439,1,5,0.32142857142857145,4054,1,0,1159,595,1
1,26,30,4096,RSA-PKCS1v15,22,660,1,45,0.8666666666666667,2402,0,0,193,567,1
1,1,29,4096,RSA-PKCS1v15,22,386,0,28,0.034482758620689655,3163,0,0,1426,425,1
0,6,6,2048,RSA-PKCS1v15,3,734,1,28,1.0,10,0,0,392,62,1
1,8,35,2048,RSA-PKCS1v15,0,1012,1,8,0.22857142857142856,176,0,0,601,401,0
1,16,24,3072,RSA-PKCS1v15,21,263,1,27,0.6666666666666666,3264,0,0,1066,870,1
1,10,29,3072,RSA-PKCS1v15,14,960,1,16,0.3448275862068966,1895,0,0,93,59,0
1,31,31,2048,RSA-PKCS1v15,13,573,1,18,1.0,4378,0,1,1239,142,1
1,9,35,4096,RSA-PKCS1v15,18,646,1,25,0.2571428571428571,909,1,1,349,466,1
1,21,33,1024,RSA-PSS,4,774,1,48,0.6363636363636364,2258,0,0,513,149,1
1,16,21,3072,RSA-PSS,3,391,1,1,0.7619047619047619,3273,0,0,1359,447,1
1,3,32,2048,RSA-PKCS1v15,12,786,1,8,0.09375,3422,0,0,1423,174,0
1,15,23,3072,RSA-PKCS1v15,17,906,0,21,0.6521739130434783,3587,0,0,924,311,1
1,24,33,2048,RSA-PSS,11,622,1,34,0.7272727272727273,2197,0,0,1188,62,1
0,2,3,4096,RSA-PKCS1v15,22,744,1,24,0.6666666666666666,1229,0,0,106,167,1
1,4,18,3072,RSA-PKCS1v15,20,944,1,37,0.2222222222222222,3142,0,0,1256,682,0
0,5,25,4096,RSA-PSS,14,266,1,26,0.2,369,0,0,992,816,1
0,16,31,4096,RSA-PKCS1v15,22,808,1,47,0.5161290322580645,2049,0,0,1582,103,1
1,0,3,3072,RSA-PKCS1v15,8,701,1,14,0.0,3947,1,0,717,28,0
0,24,24,4096,RSA-PKCS1v15,3,369,0,29,1.0,3164,0,0,1557,596,1
0,16,32,1024,RSA-PSS,4,947,1,30,0.5,343,0,0,1201,508,1
1,8,22,2048,RSA-PSS,8,961,1,3,0.36363636363636365,740,0,0,1703,134,0
0,23,23,2048,RSA-PKCS1v15,12,451,1,7,1.0,1507,0,0,1318,59,1
0,1,2,2048,RSA-PSS,9,992,1,36,0.5,1427,0,0,1289,90,1
1,7,27,4096,RSA-PSS,15,578,1,11,0.25925925925925924,3773,0,0,788,70,0
0,2,2,1024,RSA-PSS,12,767,1,32,1.0,1753,0,0,1876,935,1
1,6,26,3072,RSA-PKCS1v15,3,883,1,12,0.23076923076923078,4126,0,0,1544,185,0
0,5,17,3072,RSA-PSS,20,917,1,15,0.29411764705882354,1983,0,0,1294,438,1
1,0,33,3072,RSA-PSS,12,885,1,38,0.0,888,0,0,1854,572,0
1,6,9,3072,RSA-PSS,20,420,1,24,0.6666666666666666,4282,1,0,1236,474,1
1,25,29,4096,RSA-PKCS1v15,7,507,1,1,0.8620689655172413,2894,1,1,1187,657,1
1,6,26,2048,RSA-PSS,12,299,1,18,0.23076923076923078,3017,0,0,823,168,0
1,16,35,2048,RSA-PSS,14,725,1,46,0.45714285714285713,2605,0,0,1581,578,1
1,1,25,3072,RSA-PKCS1v15,19,744,1,7,0.04,2307,0,0,917,883,0
0,8,24,3072,RSA-PSS,19,436,1,42,0.3333333333333333,670,0,0,1769,124,1
1,12,13,2048,RSA-PSS,12,332,1,41,0.9230769230769231,3154,0,0,1077,213,1
1,0,7,4096,RSA-PSS,22,629,1,2,0.0,3172,1,0,1257,182,0
1,12,20,2048,RSA-PKCS1v15,4,883,0,40,0.6,4231,1,0,1462,71,1
0,1,1,2048,RSA-PKCS1v15,21,322,1,31,1.0,3995,0,1,854,556,1
1,5,8,1024,RSA-PSS,21,780,1,33,0.625,1279,0,0,683,852,1
1,2,16,3072,RSA-PSS,5,347,1,30,0.125,4716,0,1,1023,195,0
0,0,14,3072,RSA-PSS,4,1013,1,31,0.0,1304,0,0,1542,569,0
1,0,12,2048,RSA-PSS,12,906,0,34,0.0,1019,0,0,951,292,0
0,11,23,2048,RSA-PSS,4,499,1,7,0.4782608695652174,2101,0,0,44,57,1
1,15,15,4096,RSA-PSS,12,596,1,25,1.0,1767,0,0,603,889,1
1,14,28,2048,RSA-PKCS1v15,23,559,1,16,0.5,1974,1,0,1732,683,1
1,0,34,2048,RSA-PSS,19,653,1,22,0.0,4653,0,0,1540,300,0
1,0,2,3072,RSA-PSS,22,958,1,36,0.0,1201,0,0,633,318,0
1,2,32,2048,RSA-PSS,7,703,1,27,0.0625,1063,1,1,1599,371,1
1,14,23,4096,RSA-PKCS1v15,8,352,1,17,0.6086956521739131,2851,0,0,92,83,1
1,3,22,2048,RSA-PSS,20,586,1,4,0.13636363636363635,2414,0,0,759,829,0
1,3,25,3072,RSA-PKCS1v15,18,460,1,35,0.12,3572,0,0,731,94,0
1,17,22,3072,RSA-PSS,19,704,1,41,0.7727272727272727,3714,0,0,954,267,1
0,16,22,4096,RSA-PSS,14,673,1,22,0.7272727272727273,1832,0,0,1462,845,1
1,2,6,2048,RSA-PSS,21,904,1,47,0.3333333333333333,1281,1,1,337,376,1
0,10,15,3072,RSA-PSS,9,332,1,35,0.6666666666666666,1729,0,0,1767,161,1
1,13,33,3072,RSA-PSS,10,804,1,44,0.3939393939393939,262,0,0,1318,614,1
1,0,8,3072,RSA-PSS,4,680,0,15,0.0,2778,0,0,700,502,0
1,5,5,3072,RSA-PKCS1v15,8,684,1,40,1.0,1569,0,0,1844,377,1
1,1,4,3072,RSA-PSS,10,740,1,44,0.25,746,1,0,925,112,0
1,4,6,4096,RSA-PSS,18,390,1,21,0.6666666666666666,1938,0,0,680,578,0
1,3,32,2048,RSA-PSS,1,909,0,13,0.09375,2200,1,0,967,622,1
1,23,30,1024,RSA-PKCS1v15,5,509,1,47,0.7666666666666667,1012,1,0,264,632,1
0,28,35,4096,RSA-PSS,22,815,1,11,0.8,2995,0,0,105,279,1
1,5,16,2048,RSA-PKCS1v15,20,510,1,49,0.3125,1932,0,0,224,754,0
1,8,13,4096,RSA-PSS,0,901,1,27,0.6153846153846154,3762,0,0,1443,433,1
1,0,30,3072,RSA-PSS,2,975,1,31,0.0,4147,0,1,978,660,1
1,16,19,3072,RSA-PKCS1v15,2,754,1,44,0.8421052631578947,3712,0,0,115,242,1
1,7,17,2048,RSA-PKCS1v15,13,868,1,32,0.4117647058823529,3202,0,0,891,222,0
1,18,19,2048,RSA-PSS,19,739,1,30,0.9473684210526315,3844,0,0,1259,783,1
0,20,28,3072,RSA-PKCS1v15,21,301,1,18,0.7142857142857143,4448,0,0,1808,962,1
1,0,26,4096,RSA-PKCS1v15,4,698,1,16,0.0,4437,0,0,1298,286,0
1,4,26,4096,RSA-PSS,16,837,1,35,0.15384615384615385,3537,0,0,1979,985,0
0,15,23,2048,RSA-PSS,14,903,1,9,0.6521739130434783,350,0,0,1254,4,1
1,5,9,2048,RSA-PSS,5,834,0,39,0.5555555555555556,2398,0,0,729,320,1
1,7,12,2048,RSA-PKCS1v15,13,259,0,37,0.5833333333333334,3497,0,0,34,321,1
1,0,1,4096,RSA-PSS,13,991,1,10,0.0,1710,0,1,1412,8,0
1,1,1,2048,RSA-PSS,16,256,1,12,1.0,1243,0,1,1733,52,1
0,34,34,1024,RSA-PKCS1v15,7,545,1,8,1.0,2580,0,0,1525,142,1
1,18,32,2048,RSA-PKCS1v15,7,364,1,3,0.5625,2308,0,1,895,826,1
0,11,25,2048,RSA-PSS,18,830,1,19,0.44,147,0,1,462,779,1
1,1,1,4096,RSA-PKCS1v15,8,715,0,11,1.0,2808,0,0,449,827,1
1,10,16,3072,RSA-PKCS1v15,10,521,1,8,0.625,2940,0,0,829,280,1
1,1,5,2048,RSA-PKCS1v15,12,393,0,26,0.2,3930,0,0,1238,88,0
0,19,22,2048,RSA-PSS,12,689,1,45,0.8636363636363636,4192,0,1,1070,160,1
1,3,29,2048,RSA-PSS,23,299,1,23,0.10344827586206896,1843,0,0,405,985,0
1,3,3,1024,RSA-PSS,18,765,1,10,1.0,2149,0,0,333,814,0
0,6,12,2048,RSA-PKCS1v15,20,517,1,18,0.5,217,0,0,240,28,1
1,1,26,3072,RSA-PSS,18,983,1,12,0.038461538461538464,2243,0,0,1278,528,0
1,4,16,2048,RSA-PSS,4,888,1,39,0.25,1860,0,0,228,810,0
1,7,22,2048,RSA-PKCS1v15,15,407,1,26,0.3181818181818182,1697,0,0,733,871,0
0,6,29,2048,RSA-PKCS1v15,8,468,1,11,0.20689655172413793,2213,0,1,891,272,1
0,13,14,4096,RSA-PSS,19,489,1,10,0.9285714285714286,2218,0,0,166,100,1
1,23,28,3072,RSA-PKCS1v15,21,878,1,3,0.8214285714285714,860,1,0,585,908,1
1,2,5,3072,RSA-PSS,2,616,1,7,0.4,2213,0,0,737,204,0
0,17,30,3072,RSA-PSS,18,575,1,4,0.5666666666666667,3700,0,0,1535,190,1
0,2,5,3072,RSA-PSS,4,477,1,40,0.4,3365,0,0,598,546,1
1,2,12,1024,RSA-PKCS1v15,7,993,1,8,0.16666666666666666,2619,1,1,593,294,1
1,15,16,4096,RSA-PKCS1v15,13,465,1,38,0.9375,233,0,0,1980,895,1
0,7,26,2048,RSA-PSS,23,651,1,13,0.2692307692307692,3784,1,0,727,980,1
1,0,26,2048,RSA-PSS,2,838,1,12,0.0,1421,0,1,1700,943,1
1,16,21,4096,RSA-PSS,23,744,1,35,0.7619047619047619,4402,0,1,1414,975,1
0,11,33,2048,RSA-PSS,12,856,0,38,0.3333333333333333,332,0,0,1776,790,1
1,29,30,4096,RSA-PKCS1v15,10,719,1,43,0.9666666666666667,1521,0,0,1447,848,1
1,20,23,3072,RSA-PSS,7,955,1,36,0.8695652173913043,2096,1,0,925,344,1
1,10,10,4096,RSA-PSS,18,879,1,47,1.0,4610,0,0,1435,771,1
1,4,5,4096,RSA-PKCS1v15,9,707,0,2,0.8,2297,0,0,1605,769,1
1,26,34,4096,RSA-PSS,17,668,1,15,0.7647058823529411,696,0,0,649,53,1
1,11,31,4096,RSA-PSS,17,1006,1,49,0.3548387096774194,2027,0,0,1688,704,1
1,0,10,4096,RSA-PSS,6,731,1,34,0.0,1478,0,0,447,684,0
1,5,19,3072,RSA-PSS,15,511,1,39,0.2631578947368421,3933,0,0,1427,47,0
1,32,32,2048,RSA-PSS,5,405,1,26,1.0,4845,0,0,97,422,1
0,0,1,2048,RSA-PKCS1v15,15,382,1,48,0.0,1006,0,0,379,703,1
0,0,5,3072,RSA-PKCS1v15,15,647,1,5,0.0,2544,0,0,670,883,0
1,3,4,4096,RSA-PKCS1v15,22,735,1,48,0.75,2822,0,0,1210,465,0
1,13,16,3072,RSA-PKCS1v15,23,652,1,25,0.8125,632,0,0,1704,553,1
0,4,24,4096,RSA-PSS,0,657,1,34,0.16666666666666666,3834,0,0,1268,917,1
1,0,16,4096,RSA-PKCS1v15,23,529,1,47,0.0,2793,0,0,631,429,0
1,1,2,2048,RSA-PKCS1v15,18,394,1,4,0.5,4403,0,0,708,397,0
1,17,28,2048,RSA-PKCS1v15,2,358,1,34,0.6071428571428571,1085,1,0,503,194,1
0,18,32,2048,RSA-PKCS1v15,5,497,1,27,0.5625,313,0,0,288,66,1
1,21,27,2048,RSA-PKCS1v15,3,372,1,42,0.7777777777777778,673,0,0,369,555,1
1,4,20,3072,RSA-PKCS1v15,3,469,1,29,0.2,2956,0,1,65,702,1
1,1,24,4096,RSA-PKCS1v15,3,739,0,5,0.041666666666666664,4004,0,0,162,601,1
1,6,12,4096,RSA-PKCS1v15,9,784,1,18,0.5,2002,0,0,597,476,1
0,3,35,2048,RSA-PSS,8,946,0,4,0.08571428571428572,3505,0,0,927,688,1
1,32,33,1024,RSA-PKCS1v15,7,479,1,1,0.9696969696969697,2704,0,0,571,881,1
1,12,33,2048,RSA-PSS,18,525,1,50,0.36363636363636365,4314,0,0,974,26,1
0,3,12,3072,RSA-PKCS1v15,16,389,1,20,0.25,3208,0,1,1818,99,1
1,1,3,2048,RSA-PKCS1v15,16,369,0,6,0.3333333333333333,528,0,0,662,476,0
1,0,1,2048,RSA-PKCS1v15,0,696,1,20,0.0,4443,0,0,1442,573,0
1,14,33,2048,RSA-PSS,19,899,1,20,0.42424242424242425,1879,0,0,481,893,0
1,6,10,2048,RSA-PSS,13,906,1,46,0.6,3820,1,0,1657,762,1
0,13,29,4096,RSA-PKCS1v15,21,620,1,27,0.4482758620689655,922,0,0,269,887,1
1,6,13,2048,RSA-PSS,19,487,1,26,0.46153846153846156,3944,0,0,1791,830,0
1,2,12,1024,RSA-PKCS1v15,10,713,1,32,0.16666666666666666,4912,0,0,736,737,0
1,31,31,1024,RSA-PSS,2,630,1,10,1.0,3198,0,0,567,82,1
1,1,2,2048,RSA-PSS,23,859,1,18,0.5,1325,0,0,1672,398,0
1,28,35,3072,RSA-PSS,7,866,1,41,0.8,3238,1,0,1214,694,1
1,23,23,3072,RSA-PKCS1v15,21,462,1,12,1.0,581,1,0,406,937,1
1,17,17,3072,RSA-PSS,9,775,1,10,1.0,3265,0,0,765,700,1
1,9,26,3072,RSA-PSS,16,723,1,24,0.34615384615384615,2481,1,1,1513,393,1
1,8,8,2048,RSA-PKCS1v15,7,698,1,24,1.0,107,0,0,1336,44,1
1,24,29,3072,RSA-PSS,21,576,1,38,0.8275862068965517,4043,0,0,1620,824,1
1,7,26,1024,RSA-PKCS1v15,0,348,1,46,0.2692307692307692,1649,0,0,1941,478,1
1,9,10,2048,RSA-PKCS1v15,19,663,1,25,0.9,4852,0,0,866,771,1
1,9,26,4096,RSA-PSS,20,413,1,8,0.34615384615384615,4037,0,0,1713,610,0
1,16,34,4096,RSA-PKCS1v15,6,354,1,14,0.47058823529411764,270,1,0,1118,865,1
1,1,7,3072,RSA-PSS,23,480,1,43,0.14285714285714285,945,0,0,390,91,0
1,1,4,2048,RSA-PSS,8,696,1,31,0.25,1807,0,0,547,827,0
1,4,11,2048,RSA-PKCS1v15,11,975,0,24,0.36363636363636365,341,0,0,1435,329,0
1,27,29,4096,RSA-PSS,21,840,0,16,0.9310344827586207,4220,0,1,1236,653,1
1,8,25,2048,RSA-PSS,8,656,1,20,0.32,277,1,0,1662,414,1
0,4,21,2048,RSA-PKCS1v15,19,826,1,38,0.19047619047619047,2069,0,0,1393,821,1
0,1,10,2048,RSA-PKCS1v15,23,319,1,47,0.1,82,0,0,742,764,1
1,9,9,2048,RSA-PSS,2,1023,0,15,1.0,2931,1,0,1192,720,1
1,19,24,2048,RSA-PKCS1v15,3,815,1,14,0.7916666666666666,2463,0,0,1038,691,1
0,26,35,3072,RSA-PKCS1v15,9,534,1,12,0.7428571428571429,3898,0,0,586,810,1
0,11,35,3072,RSA-PKCS1v15,3,965,1,34,0.3142857142857143,187,0,1,1588,922,1
0,6,18,4096,RSA-PKCS1v15,21,925,1,8,0.3333333333333333,2009,0,1,874,699,1
1,2,32,1024,RSA-PSS,8,774,1,19,0.0625,781,0,0,1231,837,0
1,9,24,2048,RSA-PSS,21,503,1,46,0.375,955,0,0,1832,110,1
1,1,23,3072,RSA-PKCS1v15,0,623,1,5,0.043478260869565216,4505,0,0,43,219,0
1,24,32,3072,RSA-PSS,4,999,1,27,0.75,279,0,0,880,463,1
1,2,12,3072,RSA-PKCS1v15,8,873,1,41,0.16666666666666666,1865,0,0,1466,860,0
1,1,13,4096,RSA-PKCS1v15,4,353,1,13,0.07692307692307693,1665,0,0,1539,515,0
1,23,23,2048,RSA-PSS,5,523,1,32,1.0,3762,0,0,911,553,1
0,9,25,4096,RSA-PSS,18,315,1,31,0.36,2543,1,0,1965,637,1
1,21,35,3072,RSA-PSS,7,755,1,41,0.6,4164,0,0,607,257,1
1,25,30,2048,RSA-PSS,9,563,1,46,0.8333333333333334,2699,0,0,1419,193,1
1,10,17,4096,RSA-PKCS1v15,10,748,1,37,0.5882352941176471,4992,0,1,238,627,1
0,6,20,3072,RSA-PKCS1v15,12,666,1,2,0.3,4371,0,0,1703,70,1
0,14,25,2048,RSA-PSS,19,395,1,7,0.56,2132,0,0,1555,459,1
0,5,22,1024,RSA-PKCS1v15,3,583,1,48,0.22727272727272727,3171,1,0,719,382,1
1,3,13,2048,RSA-PSS,10,719,1,11,0.23076923076923078,514,0,0,742,818,0
1,8,19,3072,RSA-PSS,11,957,1,11,0.42105263157894735,2414,0,1,404,494,1
0,5,12,2048,RSA-PSS,4,892,1,23,0.4166666666666667,2211,0,0,214,848,1
1,19,19,2048,RSA-PKCS1v15,9,418,1,31,1.0,3299,0,0,1991,97,1
1,11,12,1024,RSA-PKCS1v15,23,315,1,44,0.9166666666666666,4591,0,0,1592,728,1
0,2,9,3072,RSA-PSS,6,286,1,45,0.2222222222222222,1163,0,0,846,827,1
1,3,7,4096,RSA-PSS,20,588,1,8,0.42857142857142855,4171,0,0,1398,224,0
1,2,28,4096,RSA-PSS,8,331,1,32,0.07142857142857142,2437,0,0,132,842,0
1,14,14,2048,RSA-PSS,8,1010,1,48,1.0,1346,0,1,9,831,1
1,1,31,4096,RSA-PKCS1v15,9,572,1,21,0.03225806451612903,416,0,0,1767,281,0
1,1,19,3072,RSA-PKCS1v15,9,672,0,31,0.05263157894736842,3488,1,0,153,906,1
0,2,16,4096,RSA-PSS,1,445,1,1,0.125,4054,0,0,431,333,0
1,5,5,2048,RSA-PSS,3,744,1,13,1.0,286,1,0,483,892,1
1,14,35,2048,RSA-PKCS1v15,7,570,1,11,0.4,3490,0,0,305,641,0
1,10,12,4096,RSA-PSS,13,551,1,29,0.8333333333333334,2371,0,0,1947,611,1
0,9,25,2048,RSA-PKCS1v15,16,756,1,4,0.36,2606,0,0,284,782,1
0,8,21,3072,RSA-PKCS1v15,12,432,1,36,0.38095238095238093,1978,0,0,472,405,1
0,0,23,4096,RSA-PSS,20,974,1,15,0.0,470,0,0,993,496,1
0,15,16,4096,RSA-PKCS1v15,23,470,1,3,0.9375,2456,0,0,190,759,1
1,5,14,4096,RSA-PKCS1v15,17,908,1,29,0.35714285714285715,3749,1,0,1552,186,1
1,8,31,3072,RSA-PKCS1v15,17,852,1,21,0.25806451612903225,1592,0,0,512,756,0
1,2,5,2048,RSA-PKCS1v15,12,949,1,2,0.4,3527,0,0,343,38,0
1,35,35,1024,RSA-PSS,7,587,1,6,1.0,4812,0,0,1454,769,1
1,1,23,3072,RSA-PKCS1v15,11,383,1,31,0.043478260869565216,4208,1,0,715,852,0
0,28,29,3072,RSA-PKCS1v15,22,524,1,24,0.9655172413793104,2385,0,0,1710,760,1
1,3,11,2048,RSA-PKCS1v15,23,806,1,40,0.2727272727272727,2749,1,0,680,645,0
1,0,18,2048,RSA-PSS,20,790,1,17,0.0,981,0,0,1875,488,0
1,2,12,3072,RSA-PSS,0,1009,1,5,0.16666666666666666,1335,0,0,1058,556,0
1,9,9,4096,RSA-PSS,19,621,1,2,1.0,162,1,0,471,992,1
1,8,10,4096,RSA-PKCS1v15,17,874,1,12,0.8,3618,0,0,1418,705,1
1,9,17,4096,RSA-PSS,2,603,1,5,0.5294117647058824,3970,1,0,741,506,1
1,4,7,4096,RSA-PSS,11,397,1,42,0.5714285714285714,3116,0,0,1519,489,0
1,10,13,3072,RSA-PSS,18,400,0,41,0.7692307692307693,3096,0,0,513,57,1
1,5,9,4096,RSA-PKCS1v15,12,500,1,20,0.5555555555555556,739,1,0,1346,512,1
1,18,27,3072,RSA-PSS,9,697,1,8,0.6666666666666666,3977,0,0,1139,248,1
0,0,2,4096,RSA-PSS,14,958,1,1,0.0,4179,0,0,1238,104,0
1,2,5,4096,RSA-PSS,19,545,1,6,0.4,4961,0,0,1790,557,0
0,23,29,4096,RSA-PKCS1v15,1,946,1,11,0.7931034482758621,4012,0,0,145,60,1
1,3,19,2048,RSA-PKCS1v15,18,367,1,3,0.15789473684210525,2342,0,0,559,578,0
1,1,8,2048,RSA-PSS,2,469,1,31,0.125,1583,0,0,792,735,0
1,1,1,2048,RSA-PSS,13,905,1,28,1.0,3278,0,0,1202,559,0
1,12,22,2048,RSA-PSS,6,455,0,47,0.5454545454545454,4385,0,0,1749,238,1
1,0,17,2048,RSA-PKCS1v15,7,660,1,43,0.0,4892,0,0,360,371,0
1,0,7,2048,RSA-PKCS1v15,10,676,1,5,0.0,695,0,0,285,26,0
1,12,25,2048,RSA-PSS,21,262,1,26,0.48,3898,0,0,1269,393,0
1,3,4,3072,RSA-PKCS1v15,19,780,1,16,0.75,1589,1,0,765,819,1
1,6,6,3072,RSA-PSS,5,847,1,31,1.0,978,1,0,1230,606,1
1,16,31,2048,RSA-PKCS1v15,10,541,1,28,0.5161290322580645,3747,0,0,584,110,1
1,8,19,3072,RSA-PSS,16,926,0,7,0.42105263157894735,2043,0,0,1758,392,1
1,3,27,3072,RSA-PKCS1v15,9,644,1,38,0.1111111111111111,777,0,0,1366,773,0
1,2,10,3072,RSA-PSS,23,671,1,9,0.2,655,0,0,727,254,0
1,0,26,4096,RSA-PKCS1v15,16,968,1,39,0.0,4131,0,0,1384,807,0
0,9,19,2048,RSA-PSS,20,405,1,35,0.47368421052631576,1089,0,1,1523,836,1
0,3,3,2048,RSA-PSS,1,683,1,43,1.0,646,0,0,1165,552,1
0,8,13,2048,RSA-PSS,5,548,1,27,0.6153846153846154,4335,0,0,960,804,1
1,12,28,2048,RSA-PSS,4,589,1,12,0.42857142857142855,2110,0,0,1692,917,0
1,13,20,3072,RSA-PKCS1v15,3,527,1,25,0.65,110,1,0,1246,766,1
1,9,28,2048,RSA-PSS,1,298,1,43,0.32142857142857145,3927,0,0,1413,97,1
1,5,8,2048,RSA-PKCS1v15,11,723,1,29,0.625,4909,0,0,1354,538,1
1,1,1,2048,RSA-PKCS1v15,2,574,0,31,1.0,878,0,0,743,104,1
1,1,3,2048,RSA-PSS,5,747,1,34,0.3333333333333333,4107,0,0,1417,615,0
1,0,13,3072,RSA-PSS,23,782,1,33,0.0,31,0,0,654,587,0
1,9,28,3072,RSA-PSS,13,1015,1,27,0.32142857142857145,2635,1,0,358,597,1
1,17,25,2048,RSA-PSS,7,427,1,2,0.68,1913,0,0,1418,496,1
1,26,33,2048,RSA-PKCS1v15,20,985,1,14,0.7878787878787878,2586,0,0,1953,214,1
1,5,6,1024,RSA-PKCS1v15,20,904,0,13,0.8333333333333334,4119,0,0,587,113,1
1,20,32,1024,RSA-PKCS1v15,13,576,1,24,0.625,4624,0,0,40,312,1
1,14,21,4096,RSA-PKCS1v15,2,994,0,5,0.6666666666666666,3303,0,0,902,569,1
1,14,16,1024,RSA-PSS,15,299,1,34,0.875,1945,0,0,273,955,1
0,3,21,3072,RSA-PKCS1v15,14,787,1,23,0.14285714285714285,625,1,0,1444,896,1
1,10,11,4096,RSA-PSS,6,886,1,19,0.9090909090909091,2460,0,0,1094,101,1
1,8,35,2048,RSA-PSS,14,709,1,30,0.22857142857142856,3594,0,0,829,762,0
1,18,19,2048,RSA-PKCS1v15,12,1001,1,49,0.9473684210526315,296,1,0,623,647,1
0,16,20,4096,RSA-PKCS1v15,5,338,1,43,0.8,3328,0,0,458,938,1
1,10,18,4096,RSA-PKCS1v15,14,798,1,16,0.5555555555555556,1933,0,1,1969,653,1
1,8,14,3072,RSA-PKCS1v15,16,577,0,50,0.5714285714285714,4931,0,0,234,84,1
0,8,15,4096,RSA-PKCS1v15,3,489,1,40,0.5333333333333333,2783,0,0,197,719,1
1,9,31,4096,RSA-PKCS1v15,21,795,0,34,0.2903225806451613,2100,0,0,1875,742,1
0,1,1,2048,RSA-PSS,21,507,1,49,1.0,2811,0,0,1735,930,1
0,3,3,4096,RSA-PSS,13,1020,1,11,1.0,1002,0,0,1533,868,1
0,12,16,3072,RSA-PSS,14,704,1,14,0.75,1594,0,0,536,949,1
0,7,23,3072,RSA-PKCS1v15,11,494,0,48,0.30434782608695654,1913,0,0,1843,302,1
1,6,11,4096,RSA-PSS,18,745,1,47,0.5454545454545454,885,0,0,938,953,1
0,0,12,4096,RSA-PSS,21,719,1,15,0.0,4839,0,0,147,573,0
1,4,10,2048,RSA-PSS,9,569,1,35,0.4,1895,0,0,574,217,0
0,22,32,1024,RSA-PSS,5,430,1,7,0.6875,153,1,0,1483,568,1
1,14,16,3072,RSA-PSS,8,961,1,29,0.875,2266,1,0,1091,541,1
0,3,8,3072,RSA-PSS,1,435,1,44,0.375,1132,0,0,30,623,1
1,0,12,3072,RSA-PKCS1v15,3,640,0,22,0.0,709,1,0,107,92,1
0,24,24,4096,RSA-PKCS1v15,8,550,1,23,1.0,4219,1,0,1702,654,1
1,13,28,4096,RSA-PKCS1v15,14,470,1,24,0.4642857142857143,280,0,0,390,452,0
1,4,8,2048,RSA-PSS,12,970,1,35,0.5,72,0,0,879,614,0
0,10,28,2048,RSA-PKCS1v15,19,1017,1,10,0.35714285714285715,1017,0,0,406,71,1
1,15,26,3072,RSA-PKCS1v15,7,1024,1,8,0.5769230769230769,2853,0,0,1145,525,1
0,1,8,3072,RSA-PSS,18,330,1,48,0.125,2282,0,0,1035,401,1
0,7,28,3072,RSA-PKCS1v15,18,599,1,48,0.25,1992,0,0,584,669,1
0,10,28,3072,RSA-PSS,15,969,1,12,0.35714285714285715,2438,0,0,347,81,1
1,17,27,3072,RSA-PKCS1v15,10,397,1,29,0.6296296296296297,3734,0,0,1277,100,1
1,2,17,2048,RSA-PSS,9,973,1,29,0.11764705882352941,4423,0,0,797,595,0
1,9,9,2048,RSA-PSS,7,454,1,23,1.0,2765,1,0,119,218,1
1,32,33,3072,RSA-PKCS1v15,0,426,1,26,0.9696969696969697,3744,0,1,1911,884,1
1,10,20,2048,RSA-PSS,9,661,0,37,0.5,1302,0,0,520,749,1
0,1,13,2048,RSA-PKCS1v15,17,483,1,32,0.07692307692307693,4519,0,1,1239,125,1
1,15,28,2048,RSA-PSS,2,666,1,38,0.5357142857142857,4330,0,0,733,201,1
0,22,29,3072,RSA-PKCS1v15,10,946,1,6,0.7586206896551724,1187,0,0,80,2,1
0,9,13,2048,RSA-PKCS1v15,17,317,1,8,0.6923076923076923,4726,0,0,419,574,1
0,17,35,4096,RSA-PSS,2,582,1,17,0.4857142857142857,2630,0,0,584,20,1
0,5,6,3072,RSA-PKCS1v15,7,971,0,12,0.8333333333333334,2546,1,0,712,983,1
1,18,18,3072,RSA-PKCS1v15,13,388,1,22,1.0,1978,0,0,1709,722,1
1,3,5,3072,RSA-PKCS1v15,5,839,1,14,0.6,1205,1,0,1313,952,1
0,12,25,2048,RSA-PSS,14,845,1,34,0.48,2841,0,0,234,858,1
1,1,2,3072,RSA-PSS,13,444,1,19,0.5,517,0,0,261,180,0
1,2,10,4096,RSA-PKCS1v15,6,611,1,6,0.2,414,0,0,1982,409,0
1,9,30,4096,RSA-PKCS1v15,9,326,1,18,0.3,1304,0,0,933,62,0
0,5,5,4096,RSA-PSS,14,518,1,36,1.0,3635,0,0,657,273,1
1,0,33,3072,RSA-PSS,9,561,1,37,0.0,2829,0,0,1046,807,0
1,0,1,2048,RSA-PKCS1v15,21,813,1,38,0.0,4769,0,1,78,753,1
1,13,18,2048,RSA-PSS,16,479,1,15,0.7222222222222222,3647,0,0,742,763,1
1,7,32,3072,RSA-PSS,18,583,1,38,0.21875,1883,0,0,672,10,1
0,2,11,2048,RSA-PKCS1v15,16,1017,1,40,0.18181818181818182,1416,0,0,1038,699,1
1,13,21,2048,RSA-PSS,11,843,1,9,0.6190476190476191,3593,1,0,1772,921,1
1,9,26,4096,RSA-PSS,14,329,1,6,0.34615384615384615,1587,0,0,1172,622,0
1,16,25,2048,RSA-PSS,11,766,0,2,0.64,4386,0,0,1686,540,1
0,8,22,2048,RSA-PKCS1v15,8,397,1,16,0.36363636363636365,3437,0,0,30,986,1
1,5,27,4096,RSA-PSS,4,840,1,1,0.18518518518518517,646,0,0,438,460,0
1,10,13,4096,RSA-PKCS1v15,3,357,1,30,0.7692307692307693,817,0,0,1697,61,1
1,24,33,2048,RSA-PSS,11,861,0,48,0.7272727272727273,2405,1,0,1797,58,1
1,27,34,4096,RSA-PSS,15,836,1,33,0.7941176470588235,4534,0,0,1554,300,1
1,32,35,4096,RSA-PKCS1v15,8,320,1,1,0.9142857142857143,1425,0,0,63,497,1
1,1,1,2048,RSA-PKCS1v15,2,448,1,39,1.0,2459,0,0,1454,339,0
1,4,21,2048,RSA-PKCS1v15,20,317,1,16,0.19047619047619047,4770,0,0,1159,252,0
0,0,6,1024,RSA-PKCS1v15,2,787,1,17,0.0,4855,0,0,157,407,1
0,17,28,3072,RSA-PSS,17,496,1,48,0.6071428571428571,3506,1,0,569,974,1
1,1,17,2048,RSA-PKCS1v15,16,970,1,48,0.058823529411764705,3598,0,0,943,256,0
0,4,5,4096,RSA-PKCS1v15,9,665,1,38,0.8,4039,1,0,777,381,1
0,25,31,4096,RSA-PKCS1v15,1,555,1,18,0.8064516129032258,4742,0,0,254,145,1
0,2,5,4096,RSA-PSS,23,450,1,22,0.4,524,0,0,1007,591,0
1,2,3,4096,RSA-PSS,10,709,1,22,0.6666666666666666,3304,0,0,1211,341,0
0,5,23,4096,RSA-PKCS1v15,23,829,1,35,0.21739130434782608,2918,0,0,1904,806,1
1,9,10,2048,RSA-PKCS1v15,2,874,1,31,0.9,2508,0,0,873,798,1
0,7,10,2048,RSA-PKCS1v15,22,892,1,40,0.7,1376,1,0,1403,403,1
1,3,19,3072,RSA-PKCS1v15,22,556,1,27,0.15789473684210525,350,0,0,1351,288,0
1,17,17,2048,RSA-PSS,1,711,0,36,1.0,3982,0,0,199,989,1
0,10,21,3072,RSA-PKCS1v15,8,457,1,4,0.47619047619047616,1570,0,0,881,214,1
1,4,14,3072,RSA-PSS,18,929,1,49,0.2857142857142857,2478,1,0,1195,532,0
1,1,9,4096,RSA-PKCS1v15,1,557,1,5,0.1111111111111111,2438,1,0,1339,870,0
1,1,1,2048,RSA-PKCS1v15,18,879,0,25,1.0,3698,0,0,6,742,1
1,5,13,4096,RSA-PSS,1,592,1,31,0.38461538461538464,2705,0,0,1902,576,0
1,2,4,2048,RSA-PKCS1v15,14,287,1,14,0.5,2037,0,0,1280,548,0
1,1,1,3072,RSA-PKCS1v15,23,353,1,30,1.0,3762,0,0,1903,961,0
1,12,32,1024,RSA-PKCS1v15,20,1014,1,47,0.375,325,0,0,821,211,1
0,3,34,4096,RSA-PKCS1v15,2,446,1,12,0.08823529411764706,3999,0,0,1344,171,1
1,21,28,1024,RSA-PSS,4,796,1,27,0.75,1111,1,1,248,538,1
1,31,31,3072,RSA-PKCS1v15,10,303,1,45,1.0,540,0,0,1755,263,1
1,6,8,1024,RSA-PKCS1v15,23,505,1,24,0.75,2412,0,0,4,802,1
0,10,26,2048,RSA-PSS,6,481,1,30,0.38461538461538464,1869,0,0,513,676,1
1,23,34,3072,RSA-PKCS1v15,5,527,1,18,0.6764705882352942,4767,0,0,838,390,1
1,3,3,2048,RSA-PSS,13,920,0,14,1.0,1229,1,0,506,421,1
1,11,12,2048,RSA-PKCS1v15,0,740,1,19,0.9166666666666666,4232,0,0,31,62,1
1,0,1,2048,RSA-PKCS1v15,16,583,0,22,0.0,4454,0,0,1857,86,0
1,0,5,3072,RSA-PKCS1v15,16,435,1,26,0.0,1776,0,0,1653,585,0
1,22,30,3072,RSA-PSS,13,920,1,7,0.7333333333333333,1077,0,0,1989,491,1
1,2,30,2048,RSA-PSS,9,1001,1,28,0.06666666666666667,737,0,0,1299,896,0
1,13,17,3072,RSA-PKCS1v15,7,278,1,38,0.7647058823529411,253,0,1,709,60,1
1,5,23,2048,RSA-PSS,7,861,0,5,0.21739130434782608,1795,1,1,886,477,1
1,1,15,3072,RSA-PKCS1v15,13,625,1,36,0.06666666666666667,721,0,0,1349,320,0
0,0,21,2048,RSA-PSS,6,500,1,18,0.0,2903,0,0,1201,690,1
0,5,14,3072,RSA-PKCS1v15,5,415,1,14,0.35714285714285715,3160,0,0,1311,52,1
1,1,2,2048,RSA-PSS,3,628,1,48,0.5,4191,0,0,1980,657,0
0,4,11,4096,RSA-PKCS1v15,0,540,1,23,0.36363636363636365,1518,0,0,748,828,0
1,28,34,2048,RSA-PSS,14,776,1,14,0.8235294117647058,280,0,0,1991,77,1
1,4,34,2048,RSA-PSS,14,705,1,32,0.11764705882352941,1807,0,0,79,119,0
0,16,18,2048,RSA-PSS,0,952,1,5,0.8888888888888888,2570,0,0,243,721,1
1,9,30,4096,RSA-PSS,19,902,1,22,0.3,3570,0,0,1847,182,0
1,11,15,3072,RSA-PKCS1v15,2,877,1,28,0.7333333333333333,4013,0,0,501,506,1
1,20,27,3072,RSA-PKCS1v15,22,836,1,43,0.7407407407407407,2187,0,0,205,650,1
1,6,34,4096,RSA-PSS,4,391,1,12,0.17647058823529413,847,1,0,1484,637,1
0,2,33,4096,RSA-PKCS1v15,4,351,1,18,0.06060606060606061,2827,0,0,1407,153,1
1,12,24,3072,RSA-PSS,3,374,0,36,0.5,3724,0,0,723,18,1
0,14,15,2048,RSA-PKCS1v15,16,629,1,31,0.9333333333333333,3088,0,0,333,64,1
1,19,30,4096,RSA-PSS,20,529,1,13,0.6333333333333333,2909,0,0,603,497,1
1,2,17,2048,RSA-PKCS1v15,19,432,1,20,0.11764705882352941,1786,0,1,166,748,0
1,3,5,3072,RSA-PKCS1v15,13,1004,1,45,0.6,1660,0,0,161,79,0
1,4,29,3072,RSA-PSS,7,532,0,36,0.13793103448275862,2958,0,0,6,59,1
1,0,4,4096,RSA-PSS,1,393,1,7,0.0,2530,0,1,1677,411,0
1,3,10,3072,RSA-PSS,7,387,1,23,0.3,2395,0,0,205,763,0
1,11,17,3072,RSA-PSS,0,299,1,34,0.6470588235294118,4424,0,0,1997,826,1
1,10,10,4096,RSA-PSS,3,378,1,50,1.0,2778,1,0,532,61,1
1,9,17,2048,RSA-PKCS1v15,18,391,1,32,0.5294117647058824,4248,0,0,1124,467,1
0,20,20,2048,RSA-PSS,4,622,1,21,1.0,2714,0,0,1701,630,1
1,19,24,3072,RSA-PKCS1v15,4,628,1,6,0.7916666666666666,1182,0,0,45,79,1
0,0,5,4096,RSA-PSS,20,381,0,16,0.0,2528,1,0,457,749,1
1,31,34,2048,RSA-PKCS1v15,19,694,1,35,0.9117647058823529,372,0,0,1873,839,1
0,6,6,1024,RSA-PKCS1v15,23,831,1,47,1.0,659,0,0,227,683,1
0,0,2,2048,RSA-PSS,18,999,1,20,0.0,2266,0,0,1339,488,0
1,3,13,2048,RSA-PSS,11,306,1,42,0.23076923076923078,3146,1,0,52,244,0
1,9,11,4096,RSA-PKCS1v15,19,392,1,41,0.8181818181818182,4654,0,0,1170,208,1
1,16,23,3072,RSA-PKCS1v15,0,413,1,11,0.6956521739130435,1145,0,0,1305,856,1
0,9,16,3072,RSA-PSS,6,311,0,32,0.5625,4368,0,0,1147,87,1
0,25,31,3072,RSA-PKCS1v15,16,848,1,14,0.8064516129032258,3157,0,0,1743,651,1
1,6,11,4096,RSA-PKCS1v15,1,999,1,24,0.5454545454545454,4871,1,0,471,600,1
1,15,16,2048,RSA-PKCS1v15,10,683,0,44,0.9375,885,1,0,897,645,1
0,0,8,2048,RSA-PKCS1v15,6,698,1,39,0.0,3752,0,0,1321,954,1
1,0,4,3072,RSA-PKCS1v15,16,581,1,43,0.0,3861,0,1,614,39,1
1,4,4,2048,RSA-PKCS1v15,2,895,1,31,1.0,1162,0,1,512,176,1
1,8,25,2048,RSA-PSS,21,893,1,17,0.32,1932,0,0,786,478,0
1,1,3,2048,RSA-PSS,5,335,1,25,0.3333333333333333,638,0,1,1665,592,0
1,21,32,1024,RSA-PSS,21,729,1,9,0.65625,3029,0,0,1526,20,1
0,0,3,2048,RSA-PSS,10,632,1,22,0.0,1734,0,1,1703,221,1
0,21,27,4096,RSA-PKCS1v15,17,588,1,45,0.7777777777777778,4758,1,0,1226,849,1
1,4,29,1024,RSA-PSS,17,430,1,48,0.13793103448275862,1138,0,0,415,275,0
1,22,32,4096,RSA-PKCS1v15,21,912,1,35,0.6875,4571,0,0,614,700,1
1,16,19,2048,RSA-PKCS1v15,9,696,1,37,0.8421052631578947,773,0,1,1607,154,1
1,11,21,4096,RSA-PSS,4,381,1,17,0.5238095238095238,1029,0,0,1446,463,1
1,2,5,4096,RSA-PSS,22,949,1,28,0.4,3983,1,0,520,409,0
1,8,18,4096,RSA-PKCS1v15,22,474,1,1,0.4444444444444444,3937,0,1,674,655,1
0,28,28,4096,RSA-PSS,20,533,1,9,1.0,2851,0,0,1097,251,1
1,14,22,2048,RSA-PSS,23,740,1,49,0.6363636363636364,2957,1,0,345,212,1
1,4,21,2048,RSA-PKCS1v15,21,850,1,13,0.19047619047619047,684,0,0,1051,478,0
1,6,6,2048,RSA-PKCS1v15,14,396,1,47,1.0,1018,1,0,1193,661,1
0,0,1,2048,RSA-PKCS1v15,20,862,1,32,0.0,1236,0,1,775,687,1
1,5,5,1024,RSA-PKCS1v15,19,961,1,28,1.0,1645,0,1,1824,419,1
1,3,12,4096,RSA-PKCS1v15,22,365,1,31,0.25,4386,0,0,585,172,0
1,14,26,3072,RSA-PKCS1v15,3,307,1,8,0.5384615384615384,333,1,0,1233,507,1
0,22,34,3072,RSA-PSS,20,870,1,8,0.6470588235294118,2848,0,0,1635,646,1
1,12,14,4096,RSA-PSS,20,868,1,34,0.8571428571428571,3820,0,0,880,628,1
1,16,26,3072,RSA-PSS,0,909,1,23,0.6153846153846154,1695,1,0,1936,869,1
1,22,27,3072,RSA-PKCS1v15,14,968,1,10,0.8148148148148148,3722,0,0,898,203,1
0,7,9,4096,RSA-PKCS1v15,16,574,0,37,0.7777777777777778,551,0,0,1963,919,1
1,20,26,2048,RSA-PSS,18,454,1,48,0.7692307692307693,2954,0,1,1567,492,1
0,1,22,2048,RSA-PSS,13,984,1,25,0.045454545454545456,1337,0,0,848,295,1
1,4,30,4096,RSA-PSS,18,301,1,33,0.13333333333333333,648,0,0,1967,457,0
1,5,17,4096,RSA-PKCS1v15,17,760,1,45,0.29411764705882354,4541,1,0,1569,146,1
1,11,26,4096,RSA-PSS,1,795,1,4,0.4230769230769231,2270,1,0,725,238,1
1,1,1,3072,RSA-PSS,5,769,1,7,1.0,1439,0,0,657,740,0
0,5,8,4096,RSA-PSS,12,272,0,33,0.625,2875,0,0,611,767,1
1,32,35,1024,RSA-PKCS1v15,16,570,1,2,0.9142857142857143,971,0,1,1846,424,1
1,13,15,2048,RSA-PSS,5,691,1,48,0.8666666666666667,2972,0,0,1334,292,1
1,16,22,2048,RSA-PSS,20,643,1,46,0.7272727272727273,2478,0,0,1024,156,1
1,13,14,3072,RSA-PKCS1v15,21,332,1,32,0.9285714285714286,3238,1,0,947,960,1
1,10,26,2048,RSA-PKCS1v15,4,626,0,5,0.38461538461538464,138,0,0,180,851,1
1,9,28,2048,RSA-PKCS1v15,6,420,1,46,0.32142857142857145,4409,0,0,647,350,1
0,18,23,2048,RSA-PKCS1v15,0,864,1,17,0.782608695652174,3976,0,0,438,442,1
1,13,14,3072,RSA-PKCS1v15,12,872,0,12,0.9285714285714286,926,0,0,1501,934,1
1,9,24,4096,RSA-PSS,18,279,1,12,0.375,1260,0,0,395,243,0
1,2,2,3072,RSA-PSS,21,967,1,35,1.0,2208,0,0,1726,207,0
1,18,26,2048,RSA-PKCS1v15,0,290,1,21,0.6923076923076923,4698,0,0,1566,428,1
1,3,14,3072,RSA-PKCS1v15,12,769,1,21,0.21428571428571427,4083,0,0,594,766,0
1,1,7,3072,RSA-PKCS1v15,10,716,1,2,0.14285714285714285,3797,0,0,57,972,0
0,0,3,3072,RSA-PKCS1v15,6,393,1,21,0.0,949,0,0,1198,258,0
1,9,23,2048,RSA-PSS,19,829,1,15,0.391304347826087,2288,0,0,1744,585,0
1,10,18,3072,RSA-PSS,2,964,1,11,0.5555555555555556,1011,0,0,326,35,1
1,13,35,4096,RSA-PKCS1v15,0,826,1,10,0.37142857142857144,3782,0,0,322,129,0
1,6,15,2048,RSA-PKCS1v15,7,520,1,18,0.4,2222,1,0,183,430,1
1,22,25,2048,RSA-PKCS1v15,16,588,1,23,0.88,1620,0,0,235,700,1
1,14,28,2048,RSA-PKCS1v15,12,443,1,31,0.5,1637,0,0,619,319,1
0,5,10,3072,RSA-PSS,13,318,1,26,0.5,3147,0,0,1210,95,1
0,14,17,2048,RSA-PKCS1v15,4,534,1,2,0.8235294117647058,4001,0,0,266,220,1
1,7,22,2048,RSA-PKCS1v15,23,797,1,39,0.3181818181818182,1113,0,0,1668,301,1
1,10,26,2048,RSA-PSS,21,426,1,7,0.38461538461538464,2197,0,0,1009,637,0
1,8,25,4096,RSA-PKCS1v15,22,758,1,24,0.32,4235,1,0,842,185,1
1,14,17,3072,RSA-PSS,23,788,1,39,0.8235294117647058,3042,0,0,329,37,1
1,0,13,3072,RSA-PKCS1v15,5,554,1,32,0.0,2823,0,0,1854,775,0
1,0,20,4096,RSA-PKCS1v15,21,456,1,26,0.0,2503,0,0,1389,622,0
1,18,25,2048,RSA-PSS,5,390,1,23,0.72,3913,0,1,683,400,1
0,2,4,4096,RSA-PKCS1v15,20,527,1,14,0.5,38,0,0,1834,690,1
1,9,10,3072,RSA-PSS,7,790,1,29,0.9,4069,0,0,24,142,1
1,3,3,2048,RSA-PSS,12,697,0,25,1.0,1270,0,0,1285,993,1
1,14,18,4096,RSA-PSS,17,342,1,31,0.7777777777777778,3680,0,0,1379,134,1
1,9,22,4096,RSA-PKCS1v15,22,286,1,2,0.4090909090909091,4904,0,0,196,445,0
0,0,34,4096,RSA-PKCS1v15,3,376,1,2,0.0,3520,0,1,611,661,1
1,1,8,2048,RSA-PSS,16,324,1,23,0.125,2346,0,0,1514,906,0
1,1,19,4096,RSA-PKCS1v15,4,901,1,47,0.05263157894736842,3333,0,0,1912,288,0
0,2,6,4096,RSA-PKCS1v15,2,751,0,11,0.3333333333333333,109,0,0,1357,902,1
1,12,26,2048,RSA-PKCS1v15,3,401,1,29,0.46153846153846156,3666,1,0,613,258,1
1,0,34,2048,RSA-PSS,22,588,1,42,0.0,4527,0,0,1888,39,0
1,1,6,2048,RSA-PSS,4,736,1,35,0.16666666666666666,703,0,0,1965,305,0
1,28,33,4096,RSA-PKCS1v15,13,518,1,49,0.8484848484848485,4811,0,0,1979,283,1
1,15,22,3072,RSA-PSS,14,548,1,9,0.6818181818181818,27,0,0,632,824,1
1,14,21,2048,RSA-PKCS1v15,19,684,1,32,0.6666666666666666,3719,0,0,321,526,1
1,4,6,2048,RSA-PKCS1v15,16,341,1,30,0.6666666666666666,2780,0,1,1471,407,1
1,0,6,2048,RSA-PKCS1v15,5,271,1,15,0.0,1040,1,0,1401,359,0
0,4,4,3072,RSA-PSS,9,983,1,14,1.0,4485,1,0,203,886,1
1,28,30,2048,RSA-PSS,21,883,1,17,0.9333333333333333,4219,0,0,1114,378,1
1,6,11,4096,RSA-PKCS1v15,22,373,1,22,0.5454545454545454,1629,0,0,1731,469,1
1,23,30,3072,RSA-PSS,15,525,1,30,0.7666666666666667,860,0,0,177,873,1
1,25,31,4096,RSA-PKCS1v15,16,650,1,17,0.8064516129032258,1906,0,0,627,947,1
1,16,24,2048,RSA-PSS,13,417,1,16,0.6666666666666666,985,0,0,1869,990,1
1,6,9,2048,RSA-PSS,19,955,1,8,0.6666666666666666,2526,0,0,32,281,1
0,0,3,3072,RSA-PSS,11,359,1,39,0.0,4198,0,0,1904,565,1
0,4,31,2048,RSA-PKCS1v15,8,908,1,31,0.12903225806451613,1525,0,0,946,984,1
1,16,24,2048,RSA-PKCS1v15,14,422,1,12,0.6666666666666666,1135,0,0,727,11,1
1,2,31,4096,RSA-PKCS1v15,11,555,1,33,0.06451612903225806,502,1,1,954,675,1
0,6,6,2048,RSA-PSS,13,283,1,12,1.0,3046,0,0,820,695,1
0,1,2,2048,RSA-PKCS1v15,21,679,0,25,0.5,2536,0,0,791,186,1
1,16,20,2048,RSA-PKCS1v15,17,817,1,38,0.8,176,0,0,243,964,1
1,6,28,2048,RSA-PKCS1v15,19,411,1,48,0.21428571428571427,4245,0,0,1822,549,1
1,4,11,4096,RSA-PKCS1v15,5,579,1,18,0.36363636363636365,4199,0,0,70,996,0
1,0,4,2048,RSA-PSS,3,603,1,19,0.0,585,0,0,1015,973,0
1,0,15,2048,RSA-PSS,22,376,1,3,0.0,615,0,0,1095,9,0
1,5,6,3072,RSA-PKCS1v15,11,907,1,35,0.8333333333333334,3353,0,0,1647,28,1
1,16,30,2048,RSA-PSS,12,783,0,5,0.5333333333333333,1828,0,0,158,823,1
1,2,2,2048,RSA-PSS,18,816,1,35,1.0,1165,0,0,549,686,0
0,8,15,2048,RSA-PSS,21,419,0,27,0.5333333333333333,4689,0,0,1840,464,1
0,10,11,2048,RSA-PSS,12,317,1,37,0.9090909090909091,825,1,0,1952,639,1
0,2,8,2048,RSA-PSS,11,595,0,46,0.25,2650,0,0,326,511,1
1,14,26,1024,RSA-PKCS1v15,19,921,1,21,0.5384615384615384,1545,0,0,1059,502,1
1,4,5,4096,RSA-PSS,2,567,1,16,0.8,2743,0,0,1504,582,0
1,4,6,2048,RSA-PKCS1v15,2,631,1,28,0.6666666666666666,972,0,0,460,795,0
1,10,26,4096,RSA-PKCS1v15,13,601,0,25,0.38461538461538464,3044,0,0,1860,778,1
1,1,4,4096,RSA-PKCS1v15,17,405,1,33,0.25,2057,0,0,416,663,0
1,15,19,3072,RSA-PSS,18,840,1,17,0.7894736842105263,4551,0,0,571,661,1
1,8,20,2048,RSA-PSS,9,836,1,43,0.4,3870,0,0,886,218,1
1,0,33,2048,RSA-PSS,16,432,0,30,0.0,1524,0,0,1443,429,1
1,15,20,3072,RSA-PSS,14,609,1,41,0.75,3361,1,0,511,638,1
1,8,12,3072,RSA-PKCS1v15,18,769,1,4,0.6666666666666666,1077,0,0,368,3,1
1,0,1,3072,RSA-PKCS1v15,8,564,1,2,0.0,891,0,0,912,187,0
1,11,26,1024,RSA-PKCS1v15,3,374,1,9,0.4230769230769231,3649,1,0,1911,43,1
1,2,14,4096,RSA-PSS,14,774,1,31,0.14285714285714285,1559,0,0,883,611,0
1,5,11,2048,RSA-PKCS1v15,18,1022,1,25,0.45454545454545453,2747,1,0,207,775,1
1,8,13,2048,RSA-PKCS1v15,15,733,1,37,0.6153846153846154,4567,0,0,1385,411,1
1,2,3,2048,RSA-PKCS1v15,7,669,1,36,0.6666666666666666,110,0,0,1460,190,0
1,13,33,1024,RSA-PSS,16,842,1,5,0.3939393939393939,3542,0,1,578,42,1
0,4,6,3072,RSA-PKCS1v15,20,606,1,24,0.6666666666666666,2826,0,0,1798,97,1
1,2,10,4096,RSA-PKCS1v15,0,761,1,24,0.2,417,0,0,1294,772,0
1,2,5,4096,RSA-PSS,6,450,1,29,0.4,2525,1,1,1257,730,1
0,1,23,4096,RSA-PKCS1v15,20,442,1,50,0.043478260869565216,1749,1,0,669,958,1
0,8,10,3072,RSA-PSS,17,705,1,45,0.8,4062,0,0,106,648,1
0,0,2,3072,RSA-PKCS1v15,11,751,1,31,0.0,268,0,0,666,852,0
1,2,13,2048,RSA-PSS,15,770,1,37,0.15384615384615385,518,0,0,1042,657,0
1,2,2,3072,RSA-PSS,0,951,1,19,1.0,3831,0,1,1519,517,1
1,20,20,2048,RSA-PSS,14,528,1,23,1.0,4414,0,1,260,959,1
1,1,1,2048,RSA-PKCS1v15,6,307,1,35,1.0,3693,0,1,1509,881,1
1,8,9,2048,RSA-PKCS1v15,16,518,1,50,0.8888888888888888,4730,0,1,313,905,1
1,7,17,2048,RSA-PSS,2,623,1,6,0.4117647058823529,3736,0,0,631,136,0
1,1,9,3072,RSA-PSS,10,388,1,6,0.1111111111111111,688,0,0,1845,510,0
1,2,11,4096,RSA-PSS,5,480,1,37,0.18181818181818182,1293,0,0,1126,519,0
0,15,15,2048,RSA-PSS,5,565,1,30,1.0,4847,0,0,537,37,1
1,15,24,4096,RSA-PSS,14,828,1,1,0.625,916,1,0,1967,996,1
1,1,35,4096,RSA-PSS,6,271,1,8,0.02857142857142857,277,0,0,1204,823,0
1,7,30,3072,RSA-PSS,10,996,0,28,0.23333333333333334,3113,0,1,1534,579,1
1,21,31,3072,RSA-PSS,16,450,1,25,0.6774193548387096,4916,1,0,1501,904,1
1,5,5,2048,RSA-PSS,22,1018,1,33,1.0,1210,0,0,674,837,1
1,11,14,4096,RSA-PSS,17,698,1,38,0.7857142857142857,1126,1,0,1424,517,1
1,8,11,3072,RSA-PSS,21,558,1,14,0.7272727272727273,908,0,0,350,785,1
0,7,9,4096,RSA-PSS,23,303,1,11,0.7777777777777778,2800,1,0,215,879,1
1,14,34,3072,RSA-PKCS1v15,20,1002,1,2,0.4117647058823529,2654,0,0,1407,58,0
1,11,12,4096,RSA-PSS,18,376,1,30,0.9166666666666666,1068,0,0,1148,959,1
1,17,35,4096,RSA-PKCS1v15,7,754,1,30,0.4857142857142857,697,0,0,1316,155,0
1,1,35,2048,RSA-PKCS1v15,23,817,0,4,0.02857142857142857,797,0,0,1692,872,1
1,0,1,2048,RSA-PKCS1v15,19,724,1,13,0.0,4504,0,0,1729,999,0
1,12,22,2048,RSA-PSS,7,296,1,7,0.5454545454545454,2654,0,0,328,113,1
1,21,29,3072,RSA-PKCS1v15,20,711,1,38,0.7241379310344828,2174,0,0,1589,460,1
1,3,8,2048,RSA-PSS,10,789,1,3,0.375,4467,0,0,1706,604,0
1,10,11,4096,RSA-PKCS1v15,20,626,0,9,0.9090909090909091,213,0,1,847,836,1
1,9,14,3072,RSA-PSS,2,437,1,14,0.6428571428571429,3227,0,0,98,756,1
0,28,30,4096,RSA-PSS,22,772,1,11,0.9333333333333333,2501,1,1,659,796,1
1,2,35,4096,RSA-PKCS1v15,13,912,1,37,0.05714285714285714,4832,0,0,300,601,0
1,18,21,3072,RSA-PKCS1v15,8,845,1,14,0.8571428571428571,2048,0,1,30,442,1
1,2,5,4096,RSA-PSS,0,486,1,19,0.4,3378,0,0,1098,690,0
0,13,19,3072,RSA-PKCS1v15,0,603,1,8,0.6842105263157895,3568,0,0,172,228,1
1,7,14,4096,RSA-PSS,11,734,1,7,0.5,4067,0,0,1018,874,1
0,26,26,2048,RSA-PSS,10,464,1,7,1.0,4872,0,0,1909,579,1
0,3,4,2048,RSA-PSS,20,930,1,3,0.75,1236,0,0,923,122,1
1,19,25,2048,RSA-PKCS1v15,0,935,1,3,0.76,4500,0,0,84,671,1
1,10,25,3072,RSA-PSS,19,533,1,18,0.4,4353,1,0,985,357,1
1,10,18,3072,RSA-PSS,11,1004,0,45,0.5555555555555556,3521,1,0,1609,268,1
1,1,8,3072,RSA-PSS,16,943,1,33,0.125,923,0,0,1768,695,0
1,13,14,2048,RSA-PSS,14,308,1,37,0.9285714285714286,1429,1,0,1314,485,1
1,8,32,4096,RSA-PKCS1v15,1,265,1,28,0.25,2713,0,0,639,869,0
1,27,33,3072,RSA-PKCS1v15,17,913,1,36,0.8181818181818182,365,0,0,85,4,1
1,1,23,2048,RSA-PKCS1v15,15,994,1,16,0.043478260869565216,3482,0,0,1278,478,0
1,12,15,3072,RSA-PKCS1v15,3,1003,1,15,0.8,250,0,0,664,121,1
1,14,33,4096,RSA-PSS,7,719,1,29,0.42424242424242425,1920,1,0,1848,742,1
1,15,25,4096,RSA-PSS,1,1009,1,18,0.6,2286,0,0,519,810,1
1,3,17,3072,RSA-PSS,13,838,1,49,0.17647058823529413,630,0,0,1476,486,0
1,7,33,2048,RSA-PSS,14,413,1,46,0.21212121212121213,864,0,0,1331,219,1
1,0,2,2048,RSA-PSS,8,274,1,46,0.0,3753,0,0,1672,694,0
1,9,14,3072,RSA-PSS,1,310,1,19,0.6428571428571429,2324,0,0,184,278,1
1,1,6,4096,RSA-PKCS1v15,16,982,1,29,0.16666666666666666,3210,0,0,973,257,0
1,4,6,2048,RSA-PSS,9,976,1,6,0.6666666666666666,3634,0,0,1338,304,0
0,3,3,4096,RSA-PSS,8,276,1,45,1.0,1070,0,0,341,43,1
1,4,7,3072,RSA-PSS,1,537,1,50,0.5714285714285714,391,0,0,227,870,0
1,6,8,4096,RSA-PKCS1v15,23,1016,1,47,0.75,1142,0,0,837,916,1
1,15,15,1024,RSA-PSS,18,795,1,27,1.0,2486,0,0,1780,530,1
1,25,29,4096,RSA-PSS,16,672,1,7,0.8620689655172413,3145,0,0,264,710,1
1,16,33,4096,RSA-PSS,10,978,1,27,0.48484848484848486,2848,1,0,450,689,1
1,2,30,4096,RSA-PKCS1v15,16,540,1,19,0.06666666666666667,2089,0,1,1275,588,1
0,4,27,1024,RSA-PSS,9,787,1,17,0.14814814814814814,954,0,0,1432,913,1
1,18,29,2048,RSA-PSS,17,787,1,41,0.6206896551724138,3972,0,0,170,693,1
1,28,33,3072,RSA-PKCS1v15,22,766,1,11,0.8484848484848485,4211,0,0,566,150,1
1,26,27,1024,RSA-PSS,5,651,1,5,0.9629629629629629,2539,0,0,1936,594,1
1,6,33,2048,RSA-PKCS1v15,15,375,1,2,0.18181818181818182,4311,0,0,132,10,0
1,3,4,2048,RSA-PSS,17,352,1,47,0.75,3328,1,0,827,792,1
1,8,22,3072,RSA-PKCS1v15,19,375,1,12,0.36363636363636365,844,1,0,606,212,1
0,2,2,3072,RSA-PSS,17,792,1,42,1.0,3760,0,0,1070,652,1
1,5,10,1024,RSA-PSS,0,408,1,42,0.5,4194,1,0,350,260,1
0,4,5,2048,RSA-PKCS1v15,2,500,1,11,0.8,3397,1,0,99,938,1
1,9,10,3072,RSA-PSS,14,771,1,10,0.9,4248,0,0,1770,382,1
0,16,33,3072,RSA-PSS,19,648,1,28,0.48484848484848486,216,0,0,1805,389,1
1,6,13,2048,RSA-PKCS1v15,9,398,1,7,0.46153846153846156,3544,0,0,1061,922,0
1,30,31,2048,RSA-PSS,20,759,1,14,0.967741935483871,2062,0,0,1462,740,1
0,2,24,4096,RSA-PKCS1v15,4,475,1,13,0.08333333333333333,4316,0,0,1969,955,1
1,4,15,4096,RSA-PSS,14,415,1,5,0.26666666666666666,38,0,0,1009,958,0
0,25,29,4096,RSA-PKCS1v15,22,331,1,42,0.8620689655172413,1223,0,0,75,336,1
1,3,8,4096,RSA-PSS,13,866,1,8,0.375,197,1,0,58,5,0
0,1,5,2048,RSA-PSS,14,947,1,50,0.2,1870,0,0,1043,922,1
1,4,29,3072,RSA-PKCS1v15,9,894,1,1,0.13793103448275862,2582,0,1,402,83,1
1,4,4,2048,RSA-PSS,23,287,1,5,1.0,4024,0,1,188,6,1
0,5,12,3072,RSA-PKCS1v15,8,589,1,11,0.4166666666666667,4262,0,0,1937,152,1
0,1,2,2048,RSA-PKCS1v15,11,780,1,43,0.5,2137,0,0,139,991,1
1,9,27,3072,RSA-PKCS1v15,6,695,1,48,0.3333333333333333,1901,0,0,143,735,1
1,11,31,3072,RSA-PSS,4,607,1,10,0.3548387096774194,2717,0,0,1992,181,0
1,9,26,1024,RSA-PSS,23,594,1,15,0.34615384615384615,1751,1,0,108,775,1
1,12,27,4096,RSA-PSS,9,655,1,39,0.4444444444444444,2683,0,0,221,778,1
1,2,5,1024,RSA-PKCS1v15,7,651,1,47,0.4,1823,0,0,145,167,0
1,15,20,2048,RSA-PKCS1v15,21,457,1,29,0.75,4337,0,0,858,470,1
1,7,11,1024,RSA-PKCS1v15,19,785,1,25,0.6363636363636364,169,0,0,510,78,1
1,7,10,2048,RSA-PSS,15,348,1,48,0.7,353,1,0,376,412,1
1,2,6,2048,RSA-PKCS1v15,11,613,1,6,0.3333333333333333,214,0,0,5,554,0
0,8,8,4096,RSA-PSS,8,651,1,11,1.0,3052,0,0,1981,574,1
0,7,23,2048,RSA-PSS,9,315,1,17,0.30434782608695654,2895,0,0,388,381,1
1,12,26,3072,RSA-PSS,15,732,0,15,0.46153846153846156,314,0,0,568,948,1
1,10,12,2048,RSA-PSS,9,981,1,16,0.8333333333333334,2727,0,0,1791,790,1
0,1,26,3072,RSA-PSS,8,867,0,2,0.038461538461538464,3951,0,0,984,313,1
1,13,13,4096,RSA-PSS,2,256,1,36,1.0,409,0,0,1995,864,1
1,11,18,3072,RSA-PSS,18,810,1,19,0.6111111111111112,3530,0,0,1758,395,1
1,9,25,3072,RSA-PSS,10,566,1,38,0.36,995,0,0,1896,910,1
1,10,33,4096,RSA-PKCS1v15,5,423,1,50,0.30303030303030304,1815,0,1,560,543,1
0,0,12,4096,RSA-PSS,5,447,1,21,0.0,2106,1,0,1840,4,1
1,1,4,3072,RSA-PSS,14,289,1,11,0.25,4311,1,0,1187,109,0
0,1,5,2048,RSA-PKCS1v15,14,289,1,41,0.2,1469,0,0,1772,918,1
1,1,8,3072,RSA-PKCS1v15,12,943,1,3,0.125,1355,0,1,1784,886,0
0,11,28,3072,RSA-PKCS1v15,21,672,1,34,0.39285714285714285,240,0,0,365,93,1
1,18,31,3072,RSA-PKCS1v15,4,963,1,18,0.5806451612903226,3792,0,0,417,99,1
1,9,9,4096,RSA-PSS,13,413,1,15,1.0,3510,0,0,1533,192,1
0,22,29,3072,RSA-PKCS1v15,20,1012,1,25,0.7586206896551724,892,0,0,1636,333,1
1,1,14,4096,RSA-PKCS1v15,1,755,1,50,0.07142857142857142,2783,0,0,21,212,0
1,16,22,2048,RSA-PKCS1v15,22,621,0,15,0.7272727272727273,2341,0,0,614,595,1
0,5,11,1024,RSA-PKCS1v15,11,595,1,30,0.45454545454545453,442,1,0,517,207,1
1,14,23,2048,RSA-PSS,19,590,1,17,0.6086956521739131,1218,1,0,1984,627,1
1,0,1,4096,RSA-PKCS1v15,13,838,1,18,0.0,2690,0,0,1221,986,0
1,5,21,4096,RSA-PKCS1v15,18,582,1,31,0.23809523809523808,2273,0,0,661,764,0
1,2,26,3072,RSA-PKCS1v15,23,369,1,50,0.07692307692307693,3012,0,0,1369,980,0
1,0,23,3072,RSA-PKCS1v15,19,673,1,43,0.0,2422,0,0,330,573,0
0,1,1,3072,RSA-PSS,14,723,1,18,1.0,1827,1,0,378,356,1
1,12,15,4096,RSA-PKCS1v15,19,398,1,35,0.8,627,1,0,1235,902,1
1,20,21,4096,RSA-PKCS1v15,23,864,1,13,0.9523809523809523,4502,0,0,160,253,1
1,9,9,3072,RSA-PKCS1v15,16,564,0,14,1.0,2515,0,1,658,591,1
1,3,9,3072,RSA-PSS,13,656,1,36,0.3333333333333333,327,0,0,1594,196,0
1,6,10,2048,RSA-PKCS1v15,22,575,1,18,0.6,466,0,0,354,262,1
0,21,26,3072,RSA-PKCS1v15,17,467,1,5,0.8076923076923077,510,1,0,1264,322,1
0,9,35,2048,RSA-PSS,21,572,1,14,0.2571428571428571,4428,0,1,79,420,1
0,6,25,2048,RSA-PKCS1v15,23,440,1,25,0.24,2325,0,0,152,498,1
0,20,26,4096,RSA-PSS,4,460,0,44,0.7692307692307693,3884,0,0,517,911,1
1,3,11,3072,RSA-PSS,21,619,1,39,0.2727272727272727,4983,0,0,383,332,0
0,2,2,4096,RSA-PKCS1v15,11,471,1,12,1.0,4784,0,0,693,296,1
0,6,7,2048,RSA-PKCS1v15,9,501,1,40,0.8571428571428571,1013,0,1,352,236,1
0,5,18,3072,RSA-PSS,7,494,1,28,0.2777777777777778,4260,0,0,1225,681,1
0,23,27,2048,RSA-PSS,5,646,1,35,0.8518518518518519,4206,0,0,951,7,1
0,19,34,2048,RSA-PKCS1v15,14,775,1,1,0.5588235294117647,1076,0,0,133,534,1
0,25,27,2048,RSA-PSS,11,845,1,3,0.9259259259259259,4726,0,0,1989,72,1
1,4,17,2048,RSA-PSS,5,532,1,43,0.23529411764705882,1638,1,0,634,500,0
1,19,24,2048,RSA-PKCS1v15,11,457,0,50,0.7916666666666666,3244,0,0,169,618,1
0,11,25,2048,RSA-PSS,14,469,1,7,0.44,2291,0,1,866,139,1
1,0,7,2048,RSA-PSS,11,861,1,9,0.0,4508,0,0,391,386,0
1,3,6,3072,RSA-PSS,8,733,1,36,0.5,2408,0,0,1882,542,0
0,7,24,1024,RSA-PSS,18,763,1,23,0.2916666666666667,3248,0,0,1409,324,1
0,0,33,3072,RSA-PSS,20,330,1,24,0.0,4364,0,1,820,949,1
1,4,29,4096,RSA-PSS,1,924,1,10,0.13793103448275862,3679,1,0,98,601,0
1,21,22,3072,RSA-PKCS1v15,12,920,0,50,0.9545454545454546,4725,0,0,1818,917,1
0,5,26,4096,RSA-PSS,12,397,1,48,0.19230769230769232,1475,0,0,1401,665,1
0,28,28,3072,RSA-PKCS1v15,7,845,1,12,1.0,1971,0,0,992,73,1
1,20,21,3072,RSA-PKCS1v15,12,577,1,19,0.9523809523809523,885,0,0,1983,840,1
1,7,7,2048,RSA-PKCS1v15,3,949,1,32,1.0,4079,1,1,780,389,1
0,2,17,4096,RSA-PKCS1v15,5,716,1,24,0.11764705882352941,3911,0,0,1862,238,0
1,14,20,4096,RSA-PKCS1v15,5,962,1,22,0.7,552,0,0,340,988,1
1,4,20,2048,RSA-PKCS1v15,20,925,1,3,0.2,3526,0,0,1555,322,0
1,13,22,2048,RSA-PKCS1v15,11,401,1,40,0.5909090909090909,3875,0,0,2000,341,1
1,17,28,2048,RSA-PKCS1v15,11,309,0,27,0.6071428571428571,4558,0,0,132,763,1
0,7,7,3072,RSA-PSS,16,611,1,19,1.0,4509,0,0,1632,305,1
0,1,1,2048,RSA-PKCS1v15,6,532,1,9,1.0,1028,0,1,210,8,1
1,24,32,3072,RSA-PKCS1v15,14,850,1,49,0.75,1438,0,0,1029,994,1
0,7,13,2048,RSA-PKCS1v15,23,655,1,13,0.5384615384615384,4988,0,0,377,983,1
1,13,30,4096,RSA-PSS,16,923,1,2,0.43333333333333335,584,0,0,640,207,0
1,23,23,2048,RSA-PKCS1v15,9,771,1,36,1.0,1468,0,0,1078,411,1
1,7,19,2048,RSA-PSS,22,754,1,29,0.3684210526315789,1509,0,0,1522,258,0
0,28,32,3072,RSA-PKCS1v15,19,566,1,11,0.875,1501,0,0,1222,796,1
1,6,30,2048,RSA-PKCS1v15,5,526,1,34,0.2,3182,0,0,441,651,0
1,7,29,1024,RSA-PSS,8,831,1,4,0.2413793103448276,2480,0,0,1742,46,1
1,12,29,2048,RSA-PKCS1v15,14,704,0,4,0.41379310344827586,3437,0,1,1204,126,1
1,5,30,3072,RSA-PSS,15,367,1,1,0.16666666666666666,2525,0,0,241,21,0
0,1,16,4096,RSA-PSS,20,494,1,25,0.0625,3561,0,0,1810,170,0
0,7,19,4096,RSA-PKCS1v15,7,399,1,26,0.3684210526315789,4216,0,0,1344,544,1
1,10,18,3072,RSA-PKCS1v15,15,629,1,11,0.5555555555555556,2210,0,0,501,416,1
1,0,1,1024,RSA-PSS,4,275,1,23,0.0,2974,0,0,1674,455,0
1,5,14,3072,RSA-PSS,17,831,0,2,0.35714285714285715,3323,0,0,23,662,1
1,0,2,3072,RSA-PKCS1v15,19,544,1,19,0.0,2937,0,0,632,206,0
1,5,28,2048,RSA-PKCS1v15,13,848,1,29,0.17857142857142858,691,0,0,1651,333,0
1,15,30,2048,RSA-PKCS1v15,1,452,1,40,0.5,4874,1,0,1017,21,1
0,2,4,2048,RSA-PSS,22,637,1,4,0.5,288,0,0,1618,918,1
1,1,1,4096,RSA-PKCS1v15,22,836,1,16,1.0,4468,1,0,1732,802,1
1,2,8,2048,RSA-PSS,2,953,1,47,0.25,1658,0,0,1204,650,0
1,12,29,4096,RSA-PKCS1v15,13,934,1,37,0.41379310344827586,4706,0,0,1888,65,1
1,2,3,2048,RSA-PSS,6,972,1,27,0.6666666666666666,1168,0,0,175,577,0
0,30,32,2048,RSA-PSS,14,747,1,5,0.9375,2351,1,0,198,88,1
0,0,10,2048,RSA-PKCS1v15,16,419,0,15,0.0,1528,0,0,1562,835,1
1,2,10,3072,RSA-PSS,0,861,1,23,0.2,1848,1,0,1478,479,0
1,19,19,1024,RSA-PSS,8,504,1,49,1.0,880,0,0,99,43,1
0,10,34,2048,RSA-PSS,21,323,1,3,0.29411764705882354,3287,0,1,745,883,1
0,20,33,2048,RSA-PSS,13,276,1,18,0.6060606060606061,1351,1,0,1451,937,1
1,18,23,2048,RSA-PSS,15,767,1,43,0.782608695652174,2316,1,0,453,141,1
0,21,28,2048,RSA-PKCS1v15,20,852,1,26,0.75,1181,0,0,1215,374,1
1,10,32,4096,RSA-PKCS1v15,12,645,1,6,0.3125,4082,0,0,974,516,0
1,5,7,3072,RSA-PSS,5,791,1,44,0.7142857142857143,1138,0,0,1602,500,1
0,27,29,3072,RSA-PKCS1v15,21,366,1,17,0.9310344827586207,3637,0,1,1782,279,1
0,4,8,2048,RSA-PSS,0,850,1,46,0.5,4009,0,0,499,326,1
1,0,1,2048,RSA-PSS,20,715,1,38,0.0,3897,0,0,1640,418,0
1,1,3,1024,RSA-PKCS1v15,3,333,1,42,0.3333333333333333,1294,0,0,1215,553,0
1,5,24,3072,RSA-PSS,2,689,1,48,0.20833333333333334,580,0,0,141,914,1
1,13,23,3072,RSA-PSS,16,635,1,50,0.5652173913043478,2874,0,1,1715,888,1
0,7,8,2048,RSA-PSS,1,907,1,27,0.875,3994,0,0,773,996,1
1,1,3,4096,RSA-PKCS1v15,18,695,1,20,0.3333333333333333,3151,0,0,175,602,0
1,31,33,3072,RSA-PKCS1v15,19,594,1,6,0.9393939393939394,1987,1,0,420,993,1
0,3,28,2048,RSA-PSS,22,679,1,35,0.10714285714285714,456,0,0,676,768,1
1,6,8,2048,RSA-PSS,21,424,1,12,0.75,4888,0,0,1458,929,1
0,14,34,3072,RSA-PSS,7,964,1,48,0.4117647058823529,1290,1,0,1464,921,1
1,34,35,4096,RSA-PSS,14,517,1,3,0.9714285714285714,646,0,0,1555,308,1
0,2,32,2048,RSA-PSS,5,982,1,48,0.0625,2983,0,0,532,657,1
1,15,24,2048,RSA-PKCS1v15,22,834,1,4,0.625,4636,1,0,918,307,1
1,4,14,3072,RSA-PKCS1v15,19,484,1,45,0.2857142857142857,128,0,0,1823,899,0
1,20,32,2048,RSA-PKCS1v15,1,416,1,4,0.625,4171,1,0,361,823,1
1,9,16,3072,RSA-PKCS1v15,14,682,1,4,0.5625,2302,0,0,1775,470,1
1,2,4,3072,RSA-PSS,19,377,1,39,0.5,2114,0,0,446,184,0
0,3,21,2048,RSA-PSS,11,404,1,21,0.14285714285714285,1077,0,0,556,631,1
0,12,14,1024,RSA-PKCS1v15,2,960,1,44,0.8571428571428571,433,0,0,708,625,1
0,28,31,3072,RSA-PKCS1v15,9,998,1,2,0.9032258064516129,3829,1,0,1731,291,1
0,18,18,2048,RSA-PSS,13,366,1,16,1.0,4500,0,1,1381,249,1
1,2,7,2048,RSA-PKCS1v15,21,912,1,7,0.2857142857142857,1290,0,0,1881,324,0
1,1,10,4096,RSA-PSS,13,476,1,19,0.1,1829,0,0,561,443,0
1,1,7,2048,RSA-PSS,2,319,1,43,0.14285714285714285,3442,0,0,997,604,0
0,24,33,3072,RSA-PSS,0,893,1,33,0.7272727272727273,772,0,1,59,59,1
1,19,23,2048,RSA-PKCS1v15,19,985,1,9,0.8260869565217391,1639,0,0,1668,269,1
1,15,21,3072,RSA-PKCS1v15,0,609,1,37,0.7142857142857143,452,0,0,885,318,1
0,18,19,2048,RSA-PKCS1v15,1,729,1,17,0.9473684210526315,3024,1,0,1191,94,1
1,10,19,4096,RSA-PKCS1v15,18,1003,1,27,0.5263157894736842,2591,0,0,1671,254,1
1,13,29,3072,RSA-PKCS1v15,23,740,1,33,0.4482758620689655,1507,0,0,967,687,0
1,1,18,2048,RSA-PSS,9,268,1,49,0.05555555555555555,4262,0,0,945,460,0
1,2,2,2048,RSA-PKCS1v15,3,408,1,12,1.0,98,0,0,1625,515,0
1,1,1,2048,RSA-PSS,3,494,1,45,1.0,2259,0,0,1807,533,0
0,4,5,3072,RSA-PSS,12,445,1,11,0.8,989,0,0,263,104,1
1,4,20,4096,RSA-PSS,8,918,1,13,0.2,471,0,0,1455,833,0
1,2,11,3072,RSA-PKCS1v15,6,341,0,31,0.18181818181818182,3562,0,0,1652,402,0
0,0,2,2048,RSA-PKCS1v15,15,276,0,13,0.0,2766,1,0,196,781,1
1,3,3,3072,RSA-PKCS1v15,17,949,1,38,1.0,3638,0,0,354,967,0
1,17,23,1024,RSA-PKCS1v15,2,574,0,26,0.7391304347826086,2511,0,0,886,333,1
1,3,12,4096,RSA-PKCS1v15,19,413,1,31,0.25,389,0,0,941,721,0
1,16,20,3072,RSA-PKCS1v15,19,736,1,22,0.8,4506,0,0,1644,877,1
1,1,5,2048,RSA-PKCS1v15,9,331,0,6,0.2,4656,0,0,1898,608,0
1,19,30,2048,RSA-PKCS1v15,23,584,1,20,0.6333333333333333,2993,1,0,915,93,1
1,5,9,4096,RSA-PSS,21,671,1,21,0.5555555555555556,3070,0,0,47,557,1
0,24,34,4096,RSA-PKCS1v15,15,458,1,10,0.7058823529411765,2960,1,0,753,574,1
1,13,35,2048,RSA-PSS,2,484,1,19,0.37142857142857144,4550,0,0,1333,542,0
0,10,22,2048,RSA-PSS,10,407,1,35,0.45454545454545453,3740,0,0,230,971,1
1,10,24,3072,RSA-PSS,9,327,1,26,0.4166666666666667,4434,0,0,1435,782,0
0,17,17,1024,RSA-PSS,15,480,1,7,1.0,1941,1,0,1925,437,1
1,10,10,2048,RSA-PKCS1v15,7,728,1,37,1.0,3431,0,0,757,10,1
1,22,30,2048,RSA-PKCS1v15,8,898,1,8,0.7333333333333333,2000,1,0,316,456,1
1,21,23,2048,RSA-PSS,14,615,1,5,0.9130434782608695,4875,0,1,762,415,1
1,17,32,3072,RSA-PSS,20,795,1,44,0.53125,3866,0,0,1101,518,1
0,10,17,4096,RSA-PSS,2,864,1,36,0.5882352941176471,1492,0,0,62,979,1
1,11,17,3072,RSA-PKCS1v15,3,301,0,28,0.6470588235294118,2555,0,0,1595,375,1
1,4,14,2048,RSA-PSS,12,256,1,50,0.2857142857142857,4230,0,0,238,531,0
1,6,9,3072,RSA-PSS,11,933,0,3,0.6666666666666666,4309,0,0,1725,524,1
0,0,2,3072,RSA-PKCS1v15,20,500,1,39,0.0,2825,1,0,1592,373,1
1,24,25,2048,RSA-PSS,8,474,1,8,0.96,652,0,0,78,704,1
1,8,9,4096,RSA-PKCS1v15,13,869,1,15,0.8888888888888888,4695,1,0,734,615,1
1,21,22,2048,RSA-PKCS1v15,18,546,1,27,0.9545454545454546,3928,0,0,559,882,1
0,1,4,4096,RSA-PSS,6,713,1,49,0.25,1596,0,0,944,762,1
1,21,26,2048,RSA-PSS,15,459,1,36,0.8076923076923077,2419,0,0,650,756,1
1,18,29,3072,RSA-PSS,21,457,1,16,0.6206896551724138,3859,0,0,1440,850,1
1,0,34,2048,RSA-PKCS1v15,19,821,1,26,0.0,64,0,0,1985,439,0
1,6,23,3072,RSA-PKCS1v15,4,737,1,45,0.2608695652173913,851,1,0,1048,195,1
1,3,11,2048,RSA-PKCS1v15,9,766,1,44,0.2727272727272727,4597,0,0,1053,265,0
0,0,6,4096,RSA-PSS,17,533,1,4,0.0,994,1,0,1515,507,1
1,14,18,4096,RSA-PSS,10,271,1,12,0.7777777777777778,2630,1,0,1159,646,1
1,7,21,4096,RSA-PSS,6,780,0,17,0.3333333333333333,2916,0,0,351,897,1
0,11,34,3072,RSA-PSS,13,611,1,41,0.3235294117647059,2004,0,0,913,426,1
1,17,17,4096,RSA-PSS,19,611,1,44,1.0,1942,0,0,350,1000,1
1,14,25,2048,RSA-PSS,17,854,0,26,0.56,2282,0,1,1305,861,1
1,0,12,3072,RSA-PKCS1v15,10,333,1,31,0.0,112,0,0,476,951,0
1,13,23,3072,RSA-PKCS1v15,21,322,1,15,0.5652173913043478,979,0,0,292,689,1
0,13,22,3072,RSA-PKCS1v15,11,978,1,34,0.5909090909090909,1081,0,1,1213,867,1
1,17,21,3072,RSA-PSS,17,469,1,29,0.8095238095238095,746,0,0,1607,99,1
1,19,27,2048,RSA-PKCS1v15,1,952,1,9,0.7037037037037037,1375,0,0,1443,30,1
0,17,31,2048,RSA-PKCS1v15,22,704,1,14,0.5483870967741935,3640,0,1,888,291,1
1,0,6,4096,RSA-PKCS1v15,0,688,1,36,0.0,237,0,0,468,575,0
1,22,27,3072,RSA-PSS,22,800,1,4,0.8148148148148148,3580,1,0,1230,487,1
1,14,34,2048,RSA-PSS,9,370,1,38,0.4117647058823529,454,0,0,1266,406,1
0,11,12,4096,RSA-PKCS1v15,20,675,1,37,0.9166666666666666,1629,0,0,306,939,1
1,7,7,4096,RSA-PSS,0,754,1,24,1.0,4703,1,0,1208,28,1
0,5,10,2048,RSA-PSS,5,965,1,17,0.5,2214,0,0,478,146,1
1,5,17,4096,RSA-PSS,6,635,1,13,0.29411764705882354,2713,0,1,1528,288,1
0,2,26,4096,RSA-PSS,16,398,1,20,0.07692307692307693,3060,0,0,1152,581,1
1,12,21,4096,RSA-PKCS1v15,8,995,1,17,0.5714285714285714,3512,1,0,449,950,1
1,12,28,4096,RSA-PSS,6,887,1,27,0.42857142857142855,3636,1,0,230,252,1
1,1,2,3072,RSA-PKCS1v15,16,279,1,33,0.5,1191,0,0,1065,162,0
1,0,1,2048,RSA-PKCS1v15,2,794,1,21,0.0,3266,0,0,793,927,0
0,16,26,1024,RSA-PSS,15,330,1,17,0.6153846153846154,807,0,0,674,110,1
1,5,29,2048,RSA-PSS,4,1008,1,22,0.1724137931034483,844,0,0,1416,865,0
1,1,21,2048,RSA-PSS,19,790,1,25,0.047619047619047616,3009,0,0,824,644,0
1,3,11,2048,RSA-PKCS1v15,17,928,1,3,0.2727272727272727,2042,0,0,1364,398,0
0,5,11,2048,RSA-PKCS1v15,0,296,1,27,0.45454545454545453,4462,0,0,1694,271,1
1,25,35,2048,RSA-PKCS1v15,3,1005,1,27,0.7142857142857143,2774,0,0,836,188,1
1,10,34,2048,RSA-PKCS1v15,22,1006,1,46,0.29411764705882354,2419,0,0,1045,532,1
1,7,24,4096,RSA-PKCS1v15,10,823,1,12,0.2916666666666667,3694,0,0,347,276,0
0,11,22,2048,RSA-PKCS1v15,19,668,1,15,0.5,3285,0,0,10,689,1
0,2,5,3072,RSA-PKCS1v15,8,670,1,38,0.4,17,1,0,87,611,1
1,21,33,3072,RSA-PSS,7,704,1,20,0.6363636363636364,2529,0,1,545,247,1
1,19,20,2048,RSA-PKCS1v15,7,865,1,22,0.95,2229,0,0,1995,324,1
1,7,19,4096,RSA-PKCS1v15,4,913,1,2,0.3684210526315789,3884,0,0,873,18,0
1,28,35,3072,RSA-PKCS1v15,11,691,1,4,0.8,3738,0,0,1363,408,1
1,7,17,2048,RSA-PKCS1v15,0,807,0,45,0.4117647058823529,3339,0,0,715,411,1
1,25,34,2048,RSA-PSS,14,960,1,13,0.7352941176470589,3381,0,0,4,801,1
1,0,9,2048,RSA-PKCS1v15,17,494,1,32,0.0,623,0,0,1047,125,0
1,19,26,1024,RSA-PKCS1v15,5,297,1,22,0.7307692307692307,698,0,0,1221,320,1
0,2,2,2048,RSA-PSS,9,989,1,25,1.0,907,0,0,1845,153,1
1,6,9,3072,RSA-PSS,13,963,1,27,0.6666666666666666,119,1,0,1905,581,1
1,7,9,4096,RSA-PKCS1v15,20,265,1,17,0.7777777777777778,4815,0,0,1522,658,1
0,15,17,3072,RSA-PKCS1v15,7,1002,1,6,0.8823529411764706,3022,0,0,901,557,1
1,0,1,2048,RSA-PKCS1v15,2,520,1,43,0.0,2928,0,0,1810,878,0
0,20,25,2048,RSA-PKCS1v15,21,836,1,16,0.8,1170,0,0,273,20,1
1,22,25,2048,RSA-PKCS1v15,21,700,1,8,0.88,3991,1,0,1978,803,1
1,23,35,2048,RSA-PKCS1v15,18,394,1,33,0.6571428571428571,3620,0,0,1475,247,1
1,3,3,1024,RSA-PSS,11,986,1,10,1.0,4754,0,0,1131,390,0
1,30,30,4096,RSA-PSS,11,451,1,34,1.0,2013,0,0,881,347,1
0,8,34,1024,RSA-PKCS1v15,14,329,1,19,0.23529411764705882,1537,1,0,1402,476,1
1,2,12,4096,RSA-PKCS1v15,6,870,1,14,0.16666666666666666,1923,0,0,1224,203,0
0,18,19,2048,RSA-PKCS1v15,3,480,1,3,0.9473684210526315,4351,0,0,1976,9,1
1,4,17,4096,RSA-PSS,20,890,1,41,0.23529411764705882,3191,0,0,936,692,0
1,9,10,3072,RSA-PKCS1v15,8,357,1,23,0.9,4903,1,0,1879,668,1
1,0,12,3072,RSA-PSS,21,519,1,40,0.0,3356,0,0,1751,531,0
1,14,16,2048,RSA-PSS,15,416,1,11,0.875,2873,0,0,2,103,1
1,22,24,4096,RSA-PKCS1v15,12,488,1,47,0.9166666666666666,4620,0,0,1145,246,1
1,7,19,4096,RSA-PSS,3,746,1,6,0.3684210526315789,515,0,0,1639,597,0
1,4,8,3072,RSA-PKCS1v15,23,566,1,34,0.5,4260,0,1,149,319,1
1,29,31,3072,RSA-PSS,8,906,1,1,0.9354838709677419,2016,0,0,948,351,1
1,13,21,3072,RSA-PKCS1v15,20,482,1,35,0.6190476190476191,4216,0,0,152,234,1
1,6,17,1024,RSA-PKCS1v15,17,528,1,25,0.35294117647058826,2865,1,0,1589,647,1
1,20,23,3072,RSA-PSS,14,572,1,29,0.8695652173913043,3974,0,0,1702,37,1
0,11,16,4096,RSA-PSS,14,341,1,23,0.6875,1684,0,1,1940,345,1
1,0,6,2048,RSA-PSS,5,546,1,18,0.0,1200,0,0,306,604,0
0,0,8,2048,RSA-PKCS1v15,10,724,0,14,0.0,2402,0,0,1703,292,1
1,9,25,2048,RSA-PSS,7,984,1,17,0.36,1931,0,0,1852,17,0
0,18,18,3072,RSA-PSS,20,833,1,2,1.0,4399,0,1,882,90,1
1,13,25,2048,RSA-PKCS1v15,16,1024,1,31,0.52,2702,0,0,475,348,1
0,10,12,2048,RSA-PKCS1v15,23,902,1,19,0.8333333333333334,4443,0,0,1388,677,1
1,1,15,2048,RSA-PSS,16,659,1,32,0.06666666666666667,1837,1,0,807,977,0
1,17,26,4096,RSA-PSS,23,682,1,28,0.6538461538461539,2509,0,1,1095,444,1
1,6,26,2048,RSA-PSS,17,630,1,41,0.23076923076923078,726,0,0,1664,253,1
1,19,32,3072,RSA-PKCS1v15,3,822,1,8,0.59375,640,0,0,33,817,1
1,1,10,2048,RSA-PKCS1v15,14,1010,1,42,0.1,4870,0,0,1181,593,0
0,5,16,4096,RSA-PSS,1,507,1,41,0.3125,94,1,0,1354,993,1
0,7,7,4096,RSA-PKCS1v15,1,788,1,40,1.0,3778,0,0,778,184,1
1,9,17,2048,RSA-PSS,9,562,0,39,0.5294117647058824,746,0,0,1740,290,1
1,19,23,2048,RSA-PSS,2,685,1,22,0.8260869565217391,2717,0,0,1731,761,1
0,14,26,4096,RSA-PKCS1v15,7,930,1,24,0.5384615384615384,236,0,0,1411,215,1
1,4,21,2048,RSA-PSS,19,519,1,38,0.19047619047619047,3367,0,0,1997,158,0
1,19,22,2048,RSA-PSS,6,323,1,2,0.8636363636363636,1317,0,0,1645,923,1
1,2,7,4096,RSA-PKCS1v15,11,362,1,41,0.2857142857142857,4214,0,1,1183,691,1
1,4,14,4096,RSA-PSS,18,655,1,41,0.2857142857142857,4240,0,0,795,393,0
1,13,15,3072,RSA-PSS,14,834,1,19,0.8666666666666667,4396,0,0,1990,20,1
1,0,7,2048,RSA-PKCS1v15,13,454,1,41,0.0,3968,0,0,1563,471,0
1,7,9,2048,RSA-PSS,15,447,1,2,0.7777777777777778,1662,0,0,1251,431,1
1,7,8,2048,RSA-PSS,13,769,1,28,0.875,1877,0,0,1276,659,1
1,7,23,4096,RSA-PKCS1v15,2,1024,0,32,0.30434782608695654,36,0,0,367,997,1
0,11,29,4096,RSA-PKCS1v15,17,697,1,19,0.3793103448275862,4659,0,0,1801,68,1
0,7,18,4096,RSA-PKCS1v15,21,256,0,16,0.3888888888888889,942,0,0,262,77,1
1,10,31,1024,RSA-PSS,5,613,1,30,0.3225806451612903,3468,1,0,646,102,1
1,13,30,3072,RSA-PKCS1v15,16,370,1,22,0.43333333333333335,476,0,0,538,652,0
1,7,35,2048,RSA-PSS,22,855,1,14,0.2,2710,0,0,1067,893,0
0,9,18,2048,RSA-PKCS1v15,13,452,1,1,0.5,1508,0,1,1555,585,1
0,6,17,4096,RSA-PSS,13,859,1,45,0.35294117647058826,627,1,0,16,207,1
1,11,14,2048,RSA-PSS,19,529,0,2,0.7857142857142857,3787,0,0,105,213,1
0,16,31,3072,RSA-PKCS1v15,12,415,0,22,0.5161290322580645,4563,0,0,791,79,1
1,3,24,3072,RSA-PSS,2,428,1,46,0.125,2697,0,0,1227,113,0
0,12,35,4096,RSA-PSS,12,800,1,33,0.34285714285714286,1514,0,0,720,765,1
0,31,34,4096,RSA-PKCS1v15,23,713,1,15,0.9117647058823529,3977,0,0,1949,133,1
1,3,3,4096,RSA-PSS,1,840,1,50,1.0,189,0,1,1702,197,1
1,4,26,3072,RSA-PSS,8,688,1,41,0.15384615384615385,2595,0,0,1083,25,0
1,21,23,2048,RSA-PSS,12,736,1,22,0.9130434782608695,2079,0,0,1009,472,1
0,3,15,2048,RSA-PKCS1v15,7,710,1,40,0.2,4868,0,0,48,613,1
1,1,4,3072,RSA-PKCS1v15,15,451,1,39,0.25,931,0,0,660,757,0
0,5,29,3072,RSA-PKCS1v15,23,854,1,41,0.1724137931034483,3102,0,0,1301,543,1
1,22,22,3072,RSA-PKCS1v15,2,564,1,41,1.0,4850,0,0,1436,942,1
1,21,25,2048,RSA-PKCS1v15,12,991,1,11,0.84,1520,0,0,1202,290,1
0,1,13,2048,RSA-PKCS1v15,3,811,1,4,0.07692307692307693,3609,1,0,801,256,1
1,10,18,2048,RSA-PKCS1v15,17,749,1,7,0.5555555555555556,3286,0,0,114,937,1
0,27,33,3072,RSA-PKCS1v15,1,694,1,21,0.8181818181818182,2729,0,0,296,206,1
1,13,16,3072,RSA-PSS,19,905,1,7,0.8125,4742,0,0,1754,475,1
1,1,2,3072,RSA-PSS,21,614,1,4,0.5,1033,0,0,438,68,0
1,4,35,2048,RSA-PSS,20,291,1,12,0.11428571428571428,161,0,0,266,215,0
1,9,34,2048,RSA-PSS,14,289,1,27,0.2647058823529412,22,0,0,162,634,0
1,7,30,4096,RSA-PKCS1v15,16,343,0,17,0.23333333333333334,724,0,0,1865,422,1
1,13,13,4096,RSA-PSS,9,913,1,20,1.0,3160,0,0,504,558,1
1,7,13,3072,RSA-PSS,0,271,1,31,0.5384615384615384,3635,1,0,1060,581,1
1,2,18,3072,RSA-PSS,5,1000,1,26,0.1111111111111111,258,0,0,587,539,0
1,22,32,2048,RSA-PSS,2,676,1,31,0.6875,1154,0,0,458,683,1
1,16,32,3072,RSA-PSS,18,808,0,35,0.5,4492,0,1,1006,757,1
0,0,35,4096,RSA-PKCS1v15,6,1022,1,9,0.0,4544,0,1,1671,462,1
0,22,29,3072,RSA-PKCS1v15,12,381,1,5,0.7586206896551724,3353,0,0,1395,455,1
1,9,29,3072,RSA-PSS,12,263,1,48,0.3103448275862069,730,0,1,1510,301,1
1,9,16,3072,RSA-PSS,16,727,1,8,0.5625,4578,0,0,272,786,1
1,4,10,3072,RSA-PSS,0,723,0,21,0.4,3239,0,0,1203,288,0
1,23,30,3072,RSA-PSS,13,765,1,16,0.7666666666666667,1016,0,0,480,761,1
1,1,25,3072,RSA-PKCS1v15,2,657,1,16,0.04,4738,0,0,957,2,0
1,8,20,3072,RSA-PSS,13,431,1,18,0.4,3308,0,0,159,937,0
1,5,5,2048,RSA-PKCS1v15,23,995,0,47,1.0,2478,0,0,755,20,1
0,0,1,4096,RSA-PSS,0,622,1,28,0.0,4129,0,0,1952,477,0
1,24,30,4096,RSA-PKCS1v15,15,743,1,18,0.8,3823,0,0,1837,954,1
0,3,3,2048,RSA-PKCS1v15,9,273,1,14,1.0,547,0,1,204,491,1
1,1,14,3072,RSA-PKCS1v15,12,311,1,48,0.07142857142857142,2834,0,0,795,986,0
1,18,30,1024,RSA-PSS,3,290,1,37,0.6,2695,0,0,1302,806,1
1,3,4,1024,RSA-PSS,8,885,1,40,0.75,1990,0,0,1167,257,1
1,7,18,2048,RSA-PKCS1v15,13,1021,1,16,0.3888888888888889,549,0,0,1544,453,0
0,16,25,3072,RSA-PSS,3,980,0,21,0.64,3894,0,0,512,438,1
1,0,1,4096,RSA-PSS,9,828,1,1,0.0,4063,0,0,1988,761,0
0,9,15,3072,RSA-PKCS1v15,7,855,1,11,0.6,3209,0,1,116,398,1
1,6,9,3072,RSA-PSS,22,602,1,11,0.6666666666666666,4526,0,0,392,153,1
1,6,15,2048,RSA-PKCS1v15,2,287,1,2,0.4,493,0,0,1367,649,0
1,12,24,2048,RSA-PSS,22,388,1,32,0.5,1038,0,0,1397,222,1
1,0,4,2048,RSA-PSS,6,831,1,19,0.0,61,0,1,1808,723,0
0,8,12,4096,RSA-PKCS1v15,9,454,1,5,0.6666666666666666,252,1,0,688,701,1
0,3,6,4096,RSA-PKCS1v15,2,511,1,3,0.5,1696,0,0,930,436,1
1,20,24,3072,RSA-PKCS1v15,1,597,1,28,0.8333333333333334,2831,0,0,726,744,1
1,1,11,3072,RSA-PKCS1v15,14,922,1,26,0.09090909090909091,1850,0,0,369,136,0
0,12,13,4096,RSA-PSS,8,486,1,23,0.9230769230769231,434,1,0,1239,528,1
1,15,34,2048,RSA-PSS,14,556,1,30,0.4411764705882353,2137,1,0,1535,626,1
1,8,25,4096,RSA-PSS,16,802,1,8,0.32,704,0,0,569,776,0
1,6,7,3072,RSA-PKCS1v15,6,281,1,36,0.8571428571428571,363,0,0,901,279,1
1,3,4,3072,RSA-PSS,19,790,1,29,0.75,3700,0,0,741,585,0
1,5,8,2048,RSA-PSS,17,908,0,13,0.625,1699,0,0,1836,736,1
1,18,20,3072,RSA-PSS,14,729,1,25,0.9,302,0,0,327,485,1
1,27,29,4096,RSA-PKCS1v15,17,642,0,22,0.9310344827586207,726,0,0,37,546,1
0,6,10,2048,RSA-PKCS1v15,23,540,1,46,0.6,4634,0,1,986,245,1
1,34,34,3072,RSA-PSS,22,705,1,33,1.0,4585,0,1,380,750,1
1,15,26,2048,RSA-PSS,11,575,1,37,0.5769230769230769,4582,0,1,796,18,1
1,1,3,4096,RSA-PKCS1v15,22,411,1,7,0.3333333333333333,4130,1,0,1536,877,0
0,6,6,3072,RSA-PKCS1v15,20,726,1,23,1.0,2488,0,0,1348,556,1
1,3,5,4096,RSA-PKCS1v15,7,675,1,6,0.6,2374,0,0,369,143,0
0,2,5,2048,RSA-PKCS1v15,1,368,1,15,0.4,647,0,0,224,501,0
0,7,23,2048,RSA-PSS,1,906,1,15,0.30434782608695654,2415,1,0,1958,527,1
1,0,9,1024,RSA-PKCS1v15,4,677,1,40,0.0,1309,0,0,814,93,0
1,5,35,2048,RSA-PSS,0,976,0,34,0.14285714285714285,3958,0,0,1737,383,1
1,18,20,2048,RSA-PKCS1v15,21,853,1,14,0.9,699,0,0,1124,889,1
1,12,35,3072,RSA-PSS,3,540,1,29,0.34285714285714286,4449,0,0,1818,279,0
0,13,18,1024,RSA-PSS,5,827,1,16,0.7222222222222222,2616,0,0,1099,727,1
1,3,17,3072,RSA-PKCS1v15,22,309,1,29,0.17647058823529413,721,0,0,724,449,0
1,6,24,2048,RSA-PSS,12,860,1,23,0.25,2620,0,0,1461,761,0
1,3,3,3072,RSA-PSS,18,580,1,10,1.0,448,0,0,703,982,0
1,24,32,3072,RSA-PSS,10,713,1,47,0.75,3543,0,1,1392,583,1
1,12,35,3072,RSA-PKCS1v15,12,520,1,4,0.34285714285714286,3888,0,1,63,621,1
1,10,13,4096,RSA-PKCS1v15,7,637,0,12,0.7692307692307693,3351,0,0,1648,288,1
0,5,25,2048,RSA-PKCS1v15,6,468,1,42,0.2,3102,0,1,1958,476,1
1,5,9,2048,RSA-PSS,12,588,1,34,0.5555555555555556,4248,0,0,1679,882,1
1,3,4,2048,RSA-PSS,0,265,1,4,0.75,1793,0,0,99,672,0
0,4,14,2048,RSA-PSS,5,613,1,20,0.2857142857142857,877,0,0,777,801,0
1,29,34,3072,RSA-PSS,6,458,1,28,0.8529411764705882,1498,1,1,1249,171,1
1,2,11,3072,RSA-PKCS1v15,15,963,1,28,0.18181818181818182,477,0,0,75,525,0
1,3,3,3072,RSA-PSS,14,313,1,6,1.0,4982,0,0,1814,372,0
0,2,28,2048,RSA-PSS,19,749,1,14,0.07142857142857142,3931,0,0,1734,732,1
0,12,29,4096,RSA-PSS,1,765,1,35,0.41379310344827586,1427,0,0,184,393,1
1,5,9,4096,RSA-PKCS1v15,22,1023,1,47,0.5555555555555556,1786,0,0,1317,958,1
1,1,3,2048,RSA-PSS,15,478,1,1,0.3333333333333333,1091,0,0,1081,185,0
1,15,25,2048,RSA-PKCS1v15,16,624,1,19,0.6,4946,0,0,1273,510,1
1,21,34,4096,RSA-PKCS1v15,23,947,1,1,0.6176470588235294,2935,0,0,1980,432,1
1,12,12,4096,RSA-PSS,14,673,1,13,1.0,4094,1,0,1650,939,1
1,5,9,2048,RSA-PSS,2,802,1,8,0.5555555555555556,4071,0,0,469,835,1
1,7,15,2048,RSA-PSS,3,358,1,18,0.4666666666666667,1021,0,0,140,209,0
1,22,25,4096,RSA-PSS,11,416,1,35,0.88,823,0,0,1927,994,1
1,5,5,3072,RSA-PKCS1v15,4,455,1,23,1.0,3956,0,1,1986,800,1
0,8,11,2048,RSA-PKCS1v15,16,415,1,50,0.7272727272727273,2326,0,1,359,329,1
1,5,34,3072,RSA-PKCS1v15,5,950,1,26,0.14705882352941177,2153,0,0,1577,361,0
1,13,24,4096,RSA-PKCS1v15,9,391,1,41,0.5416666666666666,282,0,0,1432,444,1
1,15,15,4096,RSA-PKCS1v15,21,653,1,38,1.0,3654,0,0,1498,897,1
1,2,8,3072,RSA-PKCS1v15,17,993,1,20,0.25,1726,0,0,1689,441,0
1,1,5,3072,RSA-PKCS1v15,9,647,1,2,0.2,2985,0,1,1470,369,0
1,2,26,2048,RSA-PKCS1v15,5,1010,1,26,0.07692307692307693,4110,0,0,980,106,0
1,11,18,4096,RSA-PKCS1v15,23,361,1,36,0.6111111111111112,366,0,0,1256,724,1
1,0,6,2048,RSA-PKCS1v15,5,838,1,25,0.0,213,0,0,1641,325,0
1,10,13,4096,RSA-PSS,19,844,1,30,0.7692307692307693,3755,0,0,1642,232,1
1,28,28,2048,RSA-PSS,14,309,1,18,1.0,1606,1,0,300,725,1
1,4,5,4096,RSA-PSS,3,532,1,7,0.8,506,0,1,1666,837,1
0,13,13,2048,RSA-PKCS1v15,15,366,1,27,1.0,4807,0,0,426,708,1
1,8,17,3072,RSA-PSS,21,479,1,11,0.47058823529411764,4942,1,0,995,249,1
0,30,32,2048,RSA-PKCS1v15,23,330,1,37,0.9375,72,0,0,161,317,1
1,29,29,3072,RSA-PKCS1v15,7,761,1,8,1.0,1589,0,0,401,264,1
0,0,3,4096,RSA-PSS,6,269,1,11,0.0,4344,0,0,1402,729,0
1,19,34,3072,RSA-PKCS1v15,18,737,1,24,0.5588235294117647,549,0,0,1983,503,1
1,6,27,3072,RSA-PSS,16,444,1,30,0.2222222222222222,4303,0,0,1942,263,0
1,5,13,1024,RSA-PKCS1v15,20,619,1,30,0.38461538461538464,4886,0,0,1281,933,0
0,3,33,4096,RSA-PKCS1v15,12,494,1,15,0.09090909090909091,4135,0,0,741,682,1
1,4,6,3072,RSA-PSS,14,656,1,35,0.6666666666666666,2723,0,0,862,416,0
1,12,24,3072,RSA-PSS,1,559,1,39,0.5,1090,0,0,494,913,1
1,9,19,4096,RSA-PSS,9,346,1,24,0.47368421052631576,1865,0,0,1990,668,0
1,16,16,3072,RSA-PSS,12,647,1,8,1.0,3514,1,0,489,70,1
0,19,28,2048,RSA-PSS,17,439,1,43,0.6785714285714286,3389,1,0,1206,234,1
1,12,33,3072,RSA-PSS,22,272,1,42,0.36363636363636365,1608,0,0,526,432,1
1,0,13,3072,RSA-PKCS1v15,10,267,1,20,0.0,1638,0,0,1124,54,0
1,21,25,4096,RSA-PKCS1v15,12,421,1,41,0.84,3188,0,0,737,170,1
0,3,27,4096,RSA-PKCS1v15,18,401,1,47,0.1111111111111111,2657,0,0,358,36,1
1,0,7,1024,RSA-PKCS1v15,23,537,1,26,0.0,3382,0,0,1255,834,0
0,0,5,2048,RSA-PSS,23,804,1,24,0.0,1079,0,0,565,927,0
1,14,31,1024,RSA-PKCS1v15,21,837,0,22,0.45161290322580644,2786,0,0,1030,961,1
1,12,23,2048,RSA-PKCS1v15,4,424,1,5,0.5217391304347826,1202,0,0,90,259,1
1,0,10,3072,RSA-PSS,2,425,1,15,0.0,823,0,0,64,251,0
1,23,32,4096,RSA-PKCS1v15,18,1020,1,36,0.71875,1162,0,0,1112,13,1
1,25,30,2048,RSA-PSS,22,601,1,37,0.8333333333333334,2765,0,0,1057,671,1
1,7,31,3072,RSA-PSS,12,754,1,29,0.22580645161290322,1893,0,0,1096,541,0
1,17,18,4096,RSA-PSS,4,715,1,15,0.9444444444444444,277,0,0,1580,57,1
1,2,2,4096,RSA-PKCS1v15,11,552,1,27,1.0,3681,0,0,253,161,0
1,12,14,3072,RSA-PSS,13,397,1,49,0.8571428571428571,2822,0,0,107,437,1
0,6,13,4096,RSA-PKCS1v15,5,992,1,8,0.46153846153846156,4690,1,0,1826,778,1
1,13,29,3072,RSA-PKCS1v15,21,950,1,29,0.4482758620689655,4095,0,0,930,230,0
1,7,12,2048,RSA-PKCS1v15,8,988,1,19,0.5833333333333334,393,0,0,1944,831,1
0,2,2,2048,RSA-PSS,16,308,1,31,1.0,3966,0,0,514,841,1
1,25,32,2048,RSA-PSS,7,373,0,9,0.78125,2860,0,0,136,193,1
1,10,13,2048,RSA-PSS,12,620,0,10,0.7692307692307693,4535,1,1,629,620,1
1,12,27,4096,RSA-PKCS1v15,4,926,0,37,0.4444444444444444,3421,0,0,409,357,1
0,6,17,4096,RSA-PKCS1v15,21,391,1,10,0.35294117647058826,1059,1,1,121,352,1
0,4,31,2048,RSA-PSS,21,669,1,33,0.12903225806451613,1843,0,0,1502,865,1
0,27,34,3072,RSA-PKCS1v15,16,332,1,25,0.7941176470588235,807,0,0,800,258,1
1,24,24,2048,RSA-PSS,2,812,1,4,1.0,4477,0,0,824,622,1
1,15,35,3072,RSA-PSS,5,273,1,5,0.42857142857142855,2985,1,0,1118,642,1
1,6,6,4096,RSA-PKCS1v15,13,658,1,23,1.0,1300,1,0,505,635,1
0,1,19,2048,RSA-PKCS1v15,14,460,1,39,0.05263157894736842,2197,0,0,7,965,1
0,21,30,1024,RSA-PSS,13,754,1,5,0.7,76,0,0,944,970,1
1,1,7,3072,RSA-PKCS1v15,10,579,1,8,0.14285714285714285,1402,0,0,1624,628,0
1,0,10,3072,RSA-PSS,10,850,1,17,0.0,4001,0,1,1718,742,0
1,29,32,2048,RSA-PSS,8,817,1,1,0.90625,3031,0,0,191,293,1
0,12,34,3072,RSA-PKCS1v15,5,536,1,50,0.35294117647058826,1711,0,0,457,386,1
1,17,28,3072,RSA-PSS,14,421,1,12,0.6071428571428571,588,0,1,1744,745,1
1,12,15,2048,RSA-PKCS1v15,11,498,1,35,0.8,1615,0,0,386,829,1
0,13,30,2048,RSA-PSS,5,734,1,14,0.43333333333333335,4053,0,0,803,234,1
0,29,29,2048,RSA-PKCS1v15,0,419,1,48,1.0,1988,0,0,866,296,1
1,17,22,4096,RSA-PKCS1v15,15,579,1,18,0.7727272727272727,4515,1,1,1023,703,1
1,4,4,4096,RSA-PSS,19,823,1,10,1.0,2890,0,0,278,537,0
1,10,20,4096,RSA-PKCS1v15,14,806,1,15,0.5,2680,0,0,1472,379,1
1,20,32,3072,RSA-PKCS1v15,1,895,1,42,0.625,3726,0,0,827,678,1
1,4,4,3072,RSA-PSS,16,889,1,33,1.0,4945,0,0,945,805,0
0,15,27,3072,RSA-PKCS1v15,2,1014,1,19,0.5555555555555556,4294,0,0,52,210,1
1,16,17,4096,RSA-PSS,2,953,1,34,0.9411764705882353,4382,0,0,1429,539,1
1,7,12,2048,RSA-PKCS1v15,4,463,1,45,0.5833333333333334,2164,0,0,396,852,1
0,18,22,3072,RSA-PSS,16,570,1,25,0.8181818181818182,2814,0,0,779,178,1
1,14,17,3072,RSA-PSS,22,559,0,16,0.8235294117647058,2230,1,0,1780,930,1
0,8,10,3072,RSA-PSS,16,494,1,8,0.8,3999,0,0,694,556,1
1,1,1,2048,RSA-PSS,19,982,0,35,1.0,1008,0,0,211,72,1
1,9,22,3072,RSA-PKCS1v15,5,479,1,21,0.4090909090909091,731,0,0,890,900,0
1,11,26,4096,RSA-PSS,0,343,1,19,0.4230769230769231,1224,0,0,1734,508,0
1,0,18,3072,RSA-PKCS1v15,6,792,1,46,0.0,1703,0,0,270,222,0
0,8,14,4096,RSA-PSS,14,684,0,11,0.5714285714285714,3404,0,1,545,948,1
1,19,29,2048,RSA-PKCS1v15,6,475,1,44,0.6551724137931034,4035,1,0,1007,823,1
1,8,12,4096,RSA-PSS,18,530,1,11,0.6666666666666666,3589,0,0,1638,228,1
1,0,35,3072,RSA-PKCS1v15,19,902,1,11,0.0,2813,0,0,845,841,0
1,11,12,3072,RSA-PKCS1v15,21,1000,1,22,0.9166666666666666,2240,0,1,1016,233,1
1,2,7,1024,RSA-PSS,10,321,1,21,0.2857142857142857,4822,0,0,1306,268,0
0,10,29,2048,RSA-PSS,22,847,1,27,0.3448275862068966,468,0,0,398,910,1
1,1,11,3072,RSA-PSS,13,678,1,18,0.09090909090909091,1711,0,0,1773,254,0
0,15,33,2048,RSA-PKCS1v15,12,510,1,42,0.45454545454545453,636,0,0,1240,675,1
0,0,6,3072,RSA-PKCS1v15,19,380,1,48,0.0,2466,0,0,1456,6,1
1,15,15,2048,RSA-PKCS1v15,8,401,0,40,1.0,216,0,0,1345,47,1
1,14,32,4096,RSA-PKCS1v15,8,870,1,38,0.4375,3326,0,0,814,407,1
0,11,11,4096,RSA-PSS,15,640,1,30,1.0,1366,0,0,639,883,1
1,0,23,2048,RSA-PSS,11,702,1,45,0.0,4778,0,0,493,580,0
0,12,26,3072,RSA-PSS,9,642,1,47,0.46153846153846156,3606,0,0,951,254,1
1,13,34,4096,RSA-PSS,5,638,1,45,0.38235294117647056,1949,0,0,1630,449,1
1,7,34,3072,RSA-PKCS1v15,17,532,1,33,0.20588235294117646,2805,0,0,1610,59,0
1,7,29,2048,RSA-PKCS1v15,1,637,1,21,0.2413793103448276,4378,0,1,128,393,1
0,2,4,3072,RSA-PSS,19,379,1,2,0.5,2683,0,0,74,631,1
1,11,17,2048,RSA-PKCS1v15,8,522,1,13,0.6470588235294118,1059,0,0,1500,698,1
1,0,35,2048,RSA-PSS,18,366,1,2,0.0,2601,0,0,452,560,0
1,10,13,2048,RSA-PKCS1v15,5,636,1,43,0.7692307692307693,3799,0,0,1486,191,1
1,7,15,3072,RSA-PKCS1v15,1,856,1,45,0.4666666666666667,4014,0,0,1932,265,0
1,9,29,2048,RSA-PKCS1v15,14,413,1,31,0.3103448275862069,100,0,1,438,684,1
0,29,29,4096,RSA-PKCS1v15,16,983,1,10,1.0,485,0,0,1280,558,1
1,2,11,2048,RSA-PKCS1v15,15,803,1,23,0.18181818181818182,2056,1,0,448,143,0
1,10,32,2048,RSA-PKCS1v15,20,854,0,22,0.3125,4831,0,0,1126,246,1
0,2,2,3072,RSA-PSS,7,373,1,47,1.0,3700,1,0,559,216,1
1,10,14,2048,RSA-PKCS1v15,9,583,1,29,0.7142857142857143,4035,0,0,1701,437,1
0,16,20,3072,RSA-PSS,9,949,1,33,0.8,3276,0,0,970,688,1
1,0,22,2048,RSA-PSS,17,323,1,31,0.0,4639,0,1,1792,840,1
1,9,11,2048,RSA-PSS,9,689,1,14,0.8181818181818182,2755,0,0,937,476,1
1,20,27,2048,RSA-PSS,8,614,1,10,0.7407407407407407,94,0,0,283,384,1
1,0,3,2048,RSA-PSS,23,926,1,18,0.0,2649,0,0,1962,938,0
1,7,17,1024,RSA-PSS,18,698,1,11,0.4117647058823529,4946,0,0,760,878,0
1,22,28,4096,RSA-PKCS1v15,0,419,1,39,0.7857142857142857,86,0,0,1228,657,1
0,23,29,3072,RSA-PKCS1v15,3,616,0,47,0.7931034482758621,2440,0,0,86,547,1
1,5,21,3072,RSA-PKCS1v15,23,840,1,3,0.23809523809523808,3514,0,0,1348,415,0
0,5,16,3072,RSA-PSS,2,374,1,2,0.3125,2434,1,0,1949,132,1
1,4,20,3072,RSA-PSS,9,450,1,8,0.2,2231,0,0,164,816,0
1,4,6,4096,RSA-PSS,11,856,1,31,0.6666666666666666,415,0,0,877,398,0
1,18,19,1024,RSA-PKCS1v15,17,843,1,8,0.9473684210526315,2139,1,0,1081,507,1
1,5,5,1024,RSA-PKCS1v15,22,988,1,43,1.0,4126,0,1,206,153,1
1,3,3,2048,RSA-PKCS1v15,19,906,1,48,1.0,407,0,0,1932,814,0
1,0,1,2048,RSA-PSS,5,496,1,2,0.0,1810,0,0,1453,560,0
0,0,15,2048,RSA-PSS,20,764,1,22,0.0,3483,0,1,148,168,1
1,34,34,3072,RSA-PSS,1,921,0,5,1.0,1818,1,0,1325,690,1
0,10,35,3072,RSA-PKCS1v15,9,820,1,7,0.2857142857142857,4999,0,0,791,775,1
0,23,25,4096,RSA-PSS,1,397,0,20,0.92,3936,0,0,1982,607,1
1,16,24,2048,RSA-PSS,8,286,1,28,0.6666666666666666,1954,0,0,1314,828,1
0,4,12,2048,RSA-PSS,9,478,1,13,0.3333333333333333,447,0,0,1045,803,0
1,18,18,4096,RSA-PSS,1,521,1,2,1.0,232,0,0,947,230,1
0,1,15,4096,RSA-PKCS1v15,7,537,1,32,0.06666666666666667,1620,0,0,1161,703,0
0,7,16,3072,RSA-PKCS1v15,23,636,1,26,0.4375,1970,0,0,1994,404,1
0,18,27,3072,RSA-PSS,16,811,1,3,0.6666666666666666,4614,0,0,1393,144,1
1,6,8,4096,RSA-PSS,16,317,1,41,0.75,4010,0,1,1546,918,1
0,16,25,3072,RSA-PKCS1v15,3,968,1,42,0.64,2674,0,0,1844,676,1
1,5,17,2048,RSA-PKCS1v15,17,776,1,13,0.29411764705882354,1075,0,0,557,531,0
0,18,29,4096,RSA-PSS,11,326,1,21,0.6206896551724138,1286,0,0,1460,898,1
1,7,8,3072,RSA-PKCS1v15,16,857,1,45,0.875,613,0,0,761,68,1
0,5,15,2048,RSA-PKCS1v15,8,791,0,37,0.3333333333333333,198,1,0,30,98,1
1,27,27,3072,RSA-PSS,18,395,1,23,1.0,685,0,0,1472,7,1
1,1,7,2048,RSA-PKCS1v15,13,571,1,7,0.14285714285714285,647,0,0,225,815,0
0,1,3,4096,RSA-PKCS1v15,13,595,1,17,0.3333333333333333,2006,0,0,1410,177,0
1,22,29,2048,RSA-PKCS1v15,16,845,1,28,0.7586206896551724,1854,0,0,1713,206,1
1,4,24,4096,RSA-PKCS1v15,1,981,1,47,0.16666666666666666,56,0,1,1632,299,1
1,2,3,3072,RSA-PSS,7,783,1,30,0.6666666666666666,829,0,0,429,800,0
1,19,20,2048,RSA-PKCS1v15,4,796,0,5,0.95,3817,0,1,529,913,1
1,3,15,2048,RSA-PKCS1v15,6,671,1,24,0.2,3032,0,0,1052,229,0
1,21,25,3072,RSA-PSS,21,722,1,7,0.84,1090,0,0,126,896,1
1,25,30,4096,RSA-PKCS1v15,15,630,1,34,0.8333333333333334,3156,0,0,813,631,1
1,0,14,2048,RSA-PSS,15,546,1,50,0.0,1287,1,0,1809,270,0
1,2,7,2048,RSA-PSS,16,298,1,42,0.2857142857142857,3744,0,0,499,81,0
1,3,17,3072,RSA-PKCS1v15,21,308,1,33,0.17647058823529413,2227,0,0,1211,672,0
1,12,20,4096,RSA-PKCS1v15,6,487,1,27,0.6,2896,0,0,654,188,1
0,3,9,1024,RSA-PKCS1v15,19,467,1,14,0.3333333333333333,805,0,0,1396,700,1
1,16,22,3072,RSA-PKCS1v15,7,263,1,19,0.7272727272727273,3338,0,0,138,820,1
0,0,2,3072,RSA-PKCS1v15,7,889,1,48,0.0,3016,1,0,994,501,1
1,3,24,2048,RSA-PSS,22,738,1,38,0.125,3194,0,0,1998,706,0
1,6,8,3072,RSA-PKCS1v15,10,297,1,12,0.75,2399,0,0,1361,487,1
1,11,11,2048,RSA-PSS,14,588,1,3,1.0,4153,0,0,741,772,1
0,13,13,4096,RSA-PKCS1v15,17,488,1,7,1.0,3868,0,0,214,488,1
1,2,17,3072,RSA-PSS,5,325,1,35,0.11764705882352941,1228,0,0,1810,990,0
1,7,8,3072,RSA-PKCS1v15,21,271,1,25,0.875,1770,0,0,291,478,1
1,0,21,2048,RSA-PKCS1v15,11,324,0,49,0.0,734,0,0,944,703,1
1,9,18,2048,RSA-PKCS1v15,14,308,1,15,0.5,1354,0,0,1594,289,1
1,17,30,4096,RSA-PKCS1v15,22,940,1,19,0.5666666666666667,147,0,0,371,106,1
0,15,18,3072,RSA-PKCS1v15,5,634,1,19,0.8333333333333334,4460,1,0,530,641,1
0,7,31,3072,RSA-PSS,17,718,1,23,0.22580645161290322,4916,0,0,692,609,1
1,32,32,3072,RSA-PKCS1v15,23,782,1,11,1.0,3564,0,0,1694,996,1
0,11,11,2048,RSA-PKCS1v15,19,934,1,21,1.0,2769,0,0,1792,576,1
1,7,25,2048,RSA-PKCS1v15,8,318,1,34,0.28,68,0,0,549,640,0
1,23,33,2048,RSA-PSS,7,516,1,39,0.696969696969697,780,0,0,1320,223,1
1,1,8,2048,RSA-PKCS1v15,13,755,1,7,0.125,398,0,1,774,805,0
0,3,11,4096,RSA-PSS,18,376,1,42,0.2727272727272727,3934,1,0,1615,974,1
1,5,22,2048,RSA-PKCS1v15,18,495,1,44,0.22727272727272727,3432,0,0,1017,382,1
1,11,24,2048,RSA-PSS,7,720,1,27,0.4583333333333333,4444,0,0,419,838,0
1,8,17,4096,RSA-PKCS1v15,1,362,0,50,0.47058823529411764,4862,0,0,1690,903,1
0,7,12,2048,RSA-PKCS1v15,3,435,1,23,0.5833333333333334,605,0,0,361,104,1
1,11,32,3072,RSA-PSS,5,271,1,38,0.34375,445,0,0,1883,664,1
1,14,15,2048,RSA-PKCS1v15,2,610,1,20,0.9333333333333333,1483,0,0,1182,114,1
1,13,16,2048,RSA-PSS,2,564,1,27,0.8125,4482,0,0,1099,508,1
1,12,22,2048,RSA-PKCS1v15,18,982,1,8,0.5454545454545454,1992,1,0,1396,964,1
0,24,28,1024,RSA-PKCS1v15,10,844,1,37,0.8571428571428571,2448,0,0,920,55,1
0,1,20,4096,RSA-PSS,9,992,1,3,0.05,2878,0,0,1914,121,1
1,2,33,3072,RSA-PKCS1v15,11,860,1,2,0.06060606060606061,4219,0,0,567,217,0
1,9,10,2048,RSA-PSS,13,436,1,22,0.9,3827,1,0,718,635,1
1,23,32,2048,RSA-PSS,17,429,1,6,0.71875,783,0,1,727,3,1
0,8,33,2048,RSA-PKCS1v15,23,609,1,39,0.24242424242424243,1936,0,0,1545,92,1
0,1,2,2048,RSA-PKCS1v15,8,609,1,40,0.5,2229,1,0,1130,407,1
0,19,33,2048,RSA-PKCS1v15,14,474,1,36,0.5757575757575758,27,0,1,1854,676,1
0,9,33,3072,RSA-PSS,23,910,1,44,0.2727272727272727,4340,0,0,367,441,1
1,2,13,4096,RSA-PSS,2,570,1,24,0.15384615384615385,3976,0,0,402,631,0
1,2,30,2048,RSA-PKCS1v15,22,689,1,12,0.06666666666666667,1702,0,0,1781,432,0
1,23,33,3072,RSA-PSS,10,537,1,17,0.696969696969697,2780,0,0,1843,909,1
1,4,13,4096,RSA-PSS,9,514,1,22,0.3076923076923077,4386,1,1,103,61,1
0,2,26,2048,RSA-PSS,17,814,1,19,0.07692307692307693,4936,1,0,787,726,1
1,15,22,4096,RSA-PSS,3,260,1,9,0.6818181818181818,3277,0,0,325,473,1
0,0,2,4096,RSA-PKCS1v15,12,829,1,12,0.0,1148,0,0,373,247,0
1,14,26,2048,RSA-PKCS1v15,5,851,1,32,0.5384615384615384,1705,0,0,338,747,1
1,2,15,4096,RSA-PKCS1v15,20,900,1,31,0.13333333333333333,1596,0,0,891,920,0
1,11,34,2048,RSA-PSS,12,649,1,17,0.3235294117647059,4523,0,0,1057,939,0
1,8,11,2048,RSA-PSS,19,591,1,23,0.7272727272727273,2341,0,0,1132,869,1
1,0,3,4096,RSA-PSS,4,318,1,10,0.0,4690,0,1,1446,372,0
1,3,6,2048,RSA-PSS,19,299,1,30,0.5,2679,0,0,1293,289,0
0,9,9,2048,RSA-PKCS1v15,13,408,1,19,1.0,2278,1,0,1969,590,1
1,6,6,2048,RSA-PSS,12,938,1,26,1.0,2066,0,0,1097,24,1
1,1,9,4096,RSA-PSS,13,411,1,26,0.1111111111111111,4937,0,0,1882,406,0
0,22,31,4096,RSA-PKCS1v15,7,733,1,11,0.7096774193548387,2432,1,0,1205,308,1
1,30,32,3072,RSA-PKCS1v15,15,530,1,20,0.9375,4639,1,0,1921,613,1
1,1,12,4096,RSA-PKCS1v15,12,613,1,45,0.08333333333333333,3496,0,0,1804,372,0
1,3,8,2048,RSA-PSS,23,681,0,4,0.375,2759,0,0,1176,763,0
1,6,8,2048,RSA-PSS,14,787,1,47,0.75,4051,0,0,1536,635,1
1,3,28,3072,RSA-PSS,18,738,1,12,0.10714285714285714,2834,0,0,1921,215,0
1,15,20,4096,RSA-PSS,0,469,1,25,0.75,1415,0,0,1092,262,1
1,6,7,2048,RSA-PSS,21,334,0,10,0.8571428571428571,1896,1,1,1927,915,1
1,0,11,2048,RSA-PSS,1,394,1,22,0.0,2997,1,0,1396,844,0
1,1,20,4096,RSA-PKCS1v15,17,353,1,7,0.05,3585,0,0,1372,346,0
1,2,16,4096,RSA-PSS,18,919,1,24,0.125,4552,0,1,997,413,0
1,1,4,3072,RSA-PKCS1v15,7,453,1,2,0.25,2737,0,0,1733,123,0
1,4,6,2048,RSA-PKCS1v15,2,411,1,32,0.6666666666666666,4730,0,0,1831,764,0
1,19,22,4096,RSA-PKCS1v15,22,305,1,21,0.8636363636363636,1873,0,0,32,320,1
1,16,26,4096,RSA-PSS,13,734,1,7,0.6153846153846154,2363,1,0,1969,910,1
1,3,3,3072,RSA-PSS,8,483,1,8,1.0,2906,0,0,927,337,0
1,5,14,4096,RSA-PKCS1v15,7,712,1,38,0.35714285714285715,4837,0,0,620,158,0
0,4,11,4096,RSA-PSS,16,777,1,21,0.36363636363636365,2511,0,0,1103,327,0
1,0,18,4096,RSA-PSS,22,404,1,8,0.0,947,0,0,1283,661,0
1,3,12,4096,RSA-PKCS1v15,22,313,1,25,0.25,2090,1,0,1521,65,0
0,5,23,3072,RSA-PSS,23,417,1,28,0.21739130434782608,1765,0,0,878,369,1
0,12,12,3072,RSA-PSS,15,732,1,28,1.0,3400,0,0,175,870,1
1,9,13,3072,RSA-PSS,9,362,1,31,0.6923076923076923,1226,1,0,1391,4,1
0,25,25,3072,RSA-PSS,20,682,1,36,1.0,1213,0,0,15,686,1
1,13,19,4096,RSA-PKCS1v15,9,650,1,25,0.6842105263157895,1900,0,0,1075,648,1
1,3,8,4096,RSA-PKCS1v15,23,441,1,41,0.375,3041,0,0,107,914,0
1,14,29,3072,RSA-PSS,5,813,1,37,0.4827586206896552,400,0,0,1746,756,1
1,24,32,3072,RSA-PSS,21,701,1,38,0.75,2521,0,0,469,60,1
1,4,18,2048,RSA-PSS,16,896,0,12,0.2222222222222222,2987,0,0,202,45,0
1,5,6,3072,RSA-PKCS1v15,15,703,1,37,0.8333333333333334,3756,0,0,1813,584,1
1,16,18,3072,RSA-PSS,14,342,1,37,0.8888888888888888,108,0,1,1242,607,1
1,10,19,1024,RSA-PSS,21,504,1,31,0.5263157894736842,2205,1,0,1065,543,1
1,15,22,3072,RSA-PKCS1v15,13,695,1,18,0.6818181818181818,4675,0,0,1912,156,1
1,22,32,2048,RSA-PSS,3,512,1,26,0.6875,4832,1,0,1795,888,1
0,3,3,1024,RSA-PKCS1v15,3,532,1,6,1.0,1011,0,0,1409,752,1
1,26,28,4096,RSA-PSS,1,693,1,9,0.9285714285714286,1580,0,0,917,64,1
0,1,10,2048,RSA-PKCS1v15,10,771,1,11,0.1,4408,0,0,1739,421,0
1,20,35,2048,RSA-PSS,3,832,1,31,0.5714285714285714,3639,0,0,336,323,1
0,27,29,2048,RSA-PSS,20,457,1,46,0.9310344827586207,1073,0,0,1635,109,1
1,2,15,2048,RSA-PKCS1v15,20,830,0,2,0.13333333333333333,648,0,0,1685,463,0
1,21,33,4096,RSA-PKCS1v15,15,910,1,29,0.6363636363636364,2752,0,1,105,580,1
0,7,7,3072,RSA-PKCS1v15,20,1011,1,46,1.0,1152,1,1,203,547,1
1,6,12,4096,RSA-PKCS1v15,3,435,0,42,0.5,2130,0,0,1534,251,1
1,2,30,2048,RSA-PKCS1v15,0,941,1,5,0.06666666666666667,561,0,0,1119,866,0
1,7,21,2048,RSA-PSS,23,580,1,23,0.3333333333333333,3285,0,1,1201,510,1
1,17,31,2048,RSA-PKCS1v15,18,878,0,36,0.5483870967741935,986,0,0,65,548,1
1,9,24,3072,RSA-PKCS1v15,1,942,1,7,0.375,4201,1,0,553,441,1
1,19,20,3072,RSA-PKCS1v15,8,730,1,13,0.95,3360,0,0,224,454,1
1,0,4,4096,RSA-PKCS1v15,22,920,1,42,0.0,3224,0,0,1603,644,0
1,7,28,3072,RSA-PSS,12,655,1,10,0.25,3557,0,0,380,817,0
0,10,20,3072,RSA-PSS,17,472,1,36,0.5,2941,0,0,255,734,1
1,4,24,4096,RSA-PSS,15,708,1,16,0.16666666666666666,4079,0,0,1322,679,0
1,28,32,4096,RSA-PSS,15,659,1,15,0.875,3995,0,1,1605,274,1
0,4,34,2048,RSA-PSS,9,495,1,43,0.11764705882352941,4151,0,0,1977,60,1
1,0,2,2048,RSA-PKCS1v15,8,993,1,19,0.0,355,0,0,171,342,0
1,10,15,3072,RSA-PSS,10,441,1,21,0.6666666666666666,4952,0,0,613,394,1
1,1,34,3072,RSA-PSS,3,303,1,35,0.029411764705882353,2952,0,0,652,113,0
0,0,6,4096,RSA-PKCS1v15,9,641,0,15,0.0,1086,1,0,718,221,1
1,7,12,3072,RSA-PKCS1v15,2,463,1,48,0.5833333333333334,1181,1,0,832,791,1
1,3,3,2048,RSA-PSS,5,412,1,14,1.0,3780,1,0,1388,68,1
1,18,18,4096,RSA-PSS,2,480,1,29,1.0,3171,1,0,819,315,1
1,10,21,4096,RSA-PKCS1v15,8,399,1,5,0.47619047619047616,242,0,0,73,467,0
1,11,15,2048,RSA-PSS,2,674,1,49,0.7333333333333333,3808,0,0,1084,858,1
1,11,33,4096,RSA-PKCS1v15,17,366,1,18,0.3333333333333333,4156,0,0,455,263,0
0,25,35,2048,RSA-PKCS1v15,7,720,1,1,0.7142857142857143,4770,1,0,336,781,1
1,12,26,2048,RSA-PSS,21,387,1,27,0.46153846153846156,3917,0,0,668,131,0
1,7,8,4096,RSA-PSS,7,880,1,27,0.875,3709,0,0,1148,424,1
1,30,30,3072,RSA-PSS,14,856,1,25,1.0,460,1,0,1479,267,1
1,21,23,2048,RSA-PKCS1v15,12,928,1,41,0.9130434782608695,1372,0,1,14,720,1
0,11,14,2048,RSA-PKCS1v15,6,589,1,21,0.7857142857142857,360,0,0,1440,212,1
0,9,14,3072,RSA-PSS,18,330,1,14,0.6428571428571429,2706,0,0,1800,563,1
1,1,2,2048,RSA-PSS,7,667,1,20,0.5,1318,0,0,27,983,0
1,0,5,3072,RSA-PSS,9,774,1,28,0.0,4014,0,0,1781,919,0
1,6,14,3072,RSA-PKCS1v15,16,880,1,21,0.42857142857142855,2935,0,0,1074,288,0
1,25,25,2048,RSA-PKCS1v15,0,291,0,23,1.0,4688,0,0,187,425,1
0,20,20,3072,RSA-PKCS1v15,12,880,1,11,1.0,254,0,1,1081,554,1
1,2,2,4096,RSA-PSS,12,478,1,2,1.0,4655,0,0,771,759,0
1,1,6,3072,RSA-PKCS1v15,23,978,1,20,0.16666666666666666,4833,0,1,667,934,0
1,11,17,2048,RSA-PKCS1v15,15,785,1,24,0.6470588235294118,4744,1,0,990,707,1
1,0,25,2048,RSA-PSS,8,496,1,25,0.0,4689,0,0,1058,244,0
1,22,28,3072,RSA-PKCS1v15,9,389,1,37,0.7857142857142857,2283,1,0,538,712,1
1,1,2,4096,RSA-PSS,5,987,1,22,0.5,450,0,0,1786,870,0
1,0,35,2048,RSA-PKCS1v15,4,646,1,24,0.0,3555,0,1,936,633,1
1,0,5,2048,RSA-PSS,1,357,1,15,0.0,1477,0,0,371,1000,0
1,0,1,2048,RSA-PSS,10,907,1,12,0.0,421,0,0,86,334,0
0,9,12,3072,RSA-PKCS1v15,8,936,1,46,0.75,823,0,0,160,328,1
0,21,23,2048,RSA-PSS,5,753,1,31,0.9130434782608695,4351,0,0,425,715,1
0,9,31,4096,RSA-PKCS1v15,7,766,1,43,0.2903225806451613,4688,0,0,1922,106,1
1,4,11,2048,RSA-PSS,8,958,1,31,0.36363636363636365,1740,1,0,1903,762,0
1,0,10,3072,RSA-PSS,8,792,1,30,0.0,1984,0,0,1736,887,0
1,1,3,3072,RSA-PSS,7,800,1,41,0.3333333333333333,559,1,0,1130,938,0
1,5,14,3072,RSA-PKCS1v15,11,598,1,20,0.35714285714285715,1947,0,0,1415,939,0
1,2,16,2048,RSA-PSS,7,261,1,8,0.125,213,0,0,1536,801,0
1,7,10,3072,RSA-PSS,2,449,1,44,0.7,4456,0,0,275,79,1
0,29,29,2048,RSA-PKCS1v15,12,997,0,30,1.0,4424,0,1,1313,165,1
1,0,10,2048,RSA-PSS,18,392,1,35,0.0,3598,0,0,258,846,0
1,0,12,3072,RSA-PSS,1,728,1,21,0.0,2546,0,0,963,631,0
1,21,30,3072,RSA-PSS,16,471,1,47,0.7,116,0,0,1244,986,1
1,1,1,2048,RSA-PSS,15,604,0,40,1.0,3821,0,0,974,57,1
1,4,5,2048,RSA-PKCS1v15,3,438,1,28,0.8,2711,0,0,527,960,0
1,16,20,4096,RSA-PSS,17,423,1,39,0.8,3907,0,0,533,960,1
1,5,8,4096,RSA-PSS,13,293,1,17,0.625,2229,1,0,1870,188,1
1,0,12,2048,RSA-PKCS1v15,1,930,1,12,0.0,3946,1,0,1083,52,0
0,1,1,3072,RSA-PSS,12,726,0,50,1.0,4100,0,0,1384,72,1
1,13,20,2048,RSA-PSS,20,707,1,18,0.65,967,0,0,1618,753,1
1,12,28,3072,RSA-PKCS1v15,19,745,1,47,0.42857142857142855,2585,0,0,1654,324,1
0,5,12,4096,RSA-PKCS1v15,16,397,1,28,0.4166666666666667,2377,0,0,113,612,1
1,2,28,2048,RSA-PKCS1v15,14,1015,1,3,0.07142857142857142,1070,0,0,1831,338,0
1,13,15,4096,RSA-PKCS1v15,19,358,1,15,0.8666666666666667,2556,0,1,1300,155,1
1,5,6,3072,RSA-PSS,4,966,1,16,0.8333333333333334,3746,0,0,257,59,1
1,14,20,3072,RSA-PKCS1v15,6,967,1,22,0.7,3776,0,0,329,275,1
1,7,14,3072,RSA-PSS,17,297,1,49,0.5,1682,1,0,777,771,1
1,0,2,4096,RSA-PKCS1v15,23,402,1,31,0.0,411,0,0,1259,201,0
0,5,9,2048,RSA-PSS,10,321,1,31,0.5555555555555556,611,0,0,51,295,1
0,12,20,1024,RSA-PKCS1v15,17,448,1,1,0.6,3009,0,0,1702,322,1
0,16,26,2048,RSA-PKCS1v15,4,553,1,11,0.6153846153846154,4323,0,0,1767,329,1
1,20,29,4096,RSA-PSS,12,293,0,6,0.6896551724137931,4291,0,0,221,952,1
1,1,1,3072,RSA-PKCS1v15,17,757,1,23,1.0,3462,0,0,783,390,0
1,34,35,3072,RSA-PKCS1v15,1,908,1,9,0.9714285714285714,3644,0,1,596,998,1
1,3,6,1024,RSA-PKCS1v15,19,873,1,16,0.5,297,0,0,1254,284,0
1,5,5,4096,RSA-PSS,3,683,1,38,1.0,97,0,0,1833,176,1
1,4,33,4096,RSA-PKCS1v15,12,919,1,44,0.12121212121212122,2215,0,0,222,610,0
1,5,14,3072,RSA-PKCS1v15,23,607,1,19,0.35714285714285715,2977,0,0,943,349,0
1,9,12,2048,RSA-PSS,15,581,1,45,0.75,4260,0,0,1690,432,1
1,16,20,2048,RSA-PSS,5,293,1,13,0.8,3544,0,0,1078,963,1
1,22,24,3072,RSA-PKCS1v15,7,352,1,32,0.9166666666666666,229,0,0,1655,694,1
1,24,34,3072,RSA-PSS,15,363,1,36,0.7058823529411765,1492,0,0,1734,382,1
1,1,25,2048,RSA-PSS,12,886,0,9,0.04,3248,0,0,1959,272,1
0,25,29,3072,RSA-PSS,22,406,0,46,0.8620689655172413,331,0,0,1297,492,1
1,14,31,2048,RSA-PKCS1v15,3,329,1,46,0.45161290322580644,2748,0,0,198,547,1
1,4,23,4096,RSA-PKCS1v15,1,312,1,49,0.17391304347826086,4946,0,0,128,331,0
1,19,20,3072,RSA-PSS,8,590,1,37,0.95,1846,0,0,1628,875,1
1,5,23,2048,RSA-PKCS1v15,17,507,0,31,0.21739130434782608,2569,0,0,1033,599,1
1,5,16,3072,RSA-PSS,16,1022,1,31,0.3125,1578,0,0,987,158,0
1,1,8,2048,RSA-PKCS1v15,7,509,1,19,0.125,2332,0,0,227,432,0
1,17,21,2048,RSA-PSS,14,640,1,2,0.8095238095238095,4730,0,0,558,325,1
1,1,1,4096,RSA-PKCS1v15,8,711,1,45,1.0,2973,0,0,1158,116,0
1,0,8,1024,RSA-PSS,16,514,1,32,0.0,362,0,0,1988,520,0
1,24,29,2048,RSA-PKCS1v15,22,720,1,43,0.8275862068965517,1038,1,0,1040,619,1
1,13,32,1024,RSA-PKCS1v15,1,289,1,34,0.40625,4580,0,0,215,619,1
1,5,5,2048,RSA-PSS,5,750,1,1,1.0,2019,0,1,1136,626,1
0,12,22,2048,RSA-PKCS1v15,4,581,1,21,0.5454545454545454,937,0,0,855,435,1
1,6,34,2048,RSA-PKCS1v15,16,493,1,3,0.17647058823529413,39,0,0,1181,522,0
1,1,1,3072,RSA-PKCS1v15,1,946,1,27,1.0,2550,0,0,425,796,0
1,11,26,2048,RSA-PKCS1v15,17,871,1,44,0.4230769230769231,3829,0,0,1476,932,1
0,6,10,3072,RSA-PKCS1v15,9,796,1,7,0.6,504,0,1,318,572,1
0,14,30,2048,RSA-PKCS1v15,9,994,1,33,0.4666666666666667,4493,1,0,360,266,1
0,18,18,2048,RSA-PKCS1v15,5,721,1,9,1.0,882,0,0,1400,398,1
0,10,17,2048,RSA-PKCS1v15,11,999,1,30,0.5882352941176471,844,0,0,936,102,1
1,14,26,4096,RSA-PSS,16,559,1,18,0.5384615384615384,3334,0,1,958,63,1
1,2,8,3072,RSA-PKCS1v15,12,372,1,26,0.25,639,0,0,920,997,0
1,0,12,4096,RSA-PSS,19,462,1,20,0.0,2996,1,0,902,687,0
1,2,27,2048,RSA-PKCS1v15,15,952,1,38,0.07407407407407407,39,0,0,1320,709,0
1,2,8,4096,RSA-PSS,9,736,1,41,0.25,3792,0,0,198,824,0
1,19,25,1024,RSA-PKCS1v15,20,905,1,31,0.76,816,0,0,1594,902,1
1,3,4,2048,RSA-PSS,1,658,1,8,0.75,1978,0,0,398,511,0
0,31,33,3072,RSA-PSS,1,931,1,23,0.9393939393939394,3478,0,0,590,222,1
1,1,1,2048,RSA-PKCS1v15,22,842,1,50,1.0,3590,0,0,242,915,0
1,15,19,4096,RSA-PSS,6,488,1,25,0.7894736842105263,1970,0,1,429,436,1
0,11,31,1024,RSA-PKCS1v15,5,539,1,47,0.3548387096774194,4349,0,0,1903,190,1
1,7,16,4096,RSA-PKCS1v15,0,735,1,1,0.4375,230,0,0,611,640,0
1,7,14,3072,RSA-PSS,11,1022,1,46,0.5,1353,0,0,6,945,1
1,4,5,3072,RSA-PKCS1v15,12,264,0,18,0.8,4636,0,1,1815,334,1
1,16,26,2048,RSA-PSS,11,970,1,19,0.6153846153846154,2272,1,0,1342,907,1
0,6,28,2048,RSA-PSS,18,634,1,42,0.21428571428571427,2424,1,0,1236,558,1
1,2,2,4096,RSA-PKCS1v15,8,858,0,6,1.0,2171,0,0,1297,581,1
1,1,6,2048,RSA-PKCS1v15,9,636,1,17,0.16666666666666666,4130,0,0,1108,301,0
1,0,9,3072,RSA-PKCS1v15,16,917,1,46,0.0,2991,0,0,1648,351,0
0,31,33,4096,RSA-PKCS1v15,17,615,1,45,0.9393939393939394,867,1,0,710,876,1
1,3,25,2048,RSA-PKCS1v15,7,431,1,8,0.12,782,1,0,360,570,0
1,12,13,3072,RSA-PSS,6,740,1,42,0.9230769230769231,2502,0,0,1405,928,1
1,5,9,3072,RSA-PSS,8,660,1,9,0.5555555555555556,29,0,0,1564,728,1
1,9,13,2048,RSA-PKCS1v15,9,288,1,37,0.6923076923076923,815,0,0,1165,115,1
1,31,31,2048,RSA-PKCS1v15,11,720,0,27,1.0,1390,1,0,1949,522,1
1,4,11,3072,RSA-PKCS1v15,14,951,1,36,0.36363636363636365,2185,0,0,1534,909,0
1,3,4,2048,RSA-PSS,14,412,1,6,0.75,2415,0,0,1197,367,0
1,15,34,3072,RSA-PSS,3,820,1,6,0.4411764705882353,3373,1,0,1044,269,1
1,3,4,2048,RSA-PSS,3,457,1,45,0.75,3436,0,0,1978,804,0
0,15,19,4096,RSA-PKCS1v15,22,430,1,4,0.7894736842105263,890,0,0,1653,86,1
0,5,6,1024,RSA-PKCS1v15,0,499,1,22,0.8333333333333334,3118,0,0,503,896,1
1,3,34,3072,RSA-PSS,11,524,1,40,0.08823529411764706,1343,0,0,1590,969,0
1,12,18,3072,RSA-PKCS1v15,1,701,1,27,0.6666666666666666,1694,0,0,227,378,1
1,9,13,2048,RSA-PKCS1v15,14,329,0,37,0.6923076923076923,2974,0,0,109,147,1
1,12,23,2048,RSA-PSS,16,351,1,2,0.5217391304347826,1615,0,0,743,118,1
1,1,19,4096,RSA-PSS,6,428,1,9,0.05263157894736842,2567,0,1,1344,135,0
0,2,11,4096,RSA-PKCS1v15,5,661,1,11,0.18181818181818182,453,0,0,1332,527,0
0,1,1,2048,RSA-PSS,11,410,1,20,1.0,2052,1,0,1765,849,1
0,7,24,2048,RSA-PKCS1v15,18,438,1,43,0.2916666666666667,788,0,0,811,814,1
1,7,7,2048,RSA-PSS,0,578,1,39,1.0,3169,0,1,1111,206,1
1,14,25,2048,RSA-PSS,20,544,0,14,0.56,1756,1,0,786,233,1
0,10,21,3072,RSA-PKCS1v15,13,513,1,26,0.47619047619047616,3950,0,0,228,816,1
1,14,15,4096,RSA-PKCS1v15,3,842,1,38,0.9333333333333333,430,0,0,852,66,1
0,0,1,2048,RSA-PSS,4,429,1,30,0.0,1861,0,0,1334,974,0
1,6,12,4096,RSA-PKCS1v15,0,585,1,36,0.5,2118,0,0,828,4,1
1,4,7,2048,RSA-PSS,0,486,1,38,0.5714285714285714,4684,0,0,379,3,0
1,1,15,3072,RSA-PKCS1v15,20,1014,1,35,0.06666666666666667,4006,0,0,1607,259,0
1,7,21,2048,RSA-PSS,5,416,1,6,0.3333333333333333,1368,0,0,1764,715,0
1,6,19,2048,RSA-PSS,4,441,1,3,0.3157894736842105,3920,0,0,385,325,0
1,23,29,3072,RSA-PSS,1,398,1,1,0.7931034482758621,2636,0,0,113,240,1
1,11,25,2048,RSA-PKCS1v15,20,537,1,18,0.44,2697,0,0,1317,605,0
1,15,33,3072,RSA-PSS,4,895,1,23,0.45454545454545453,4216,0,0,1329,796,0
1,29,32,3072,RSA-PSS,8,933,1,32,0.90625,500,0,0,291,535,1
1,9,35,2048,RSA-PSS,18,282,1,29,0.2571428571428571,1305,0,0,1129,798,0
1,5,26,4096,RSA-PSS,20,501,1,23,0.19230769230769232,2091,0,0,1987,318,0
1,1,11,2048,RSA-PKCS1v15,14,742,1,36,0.09090909090909091,3381,0,0,291,599,0
0,4,35,3072,RSA-PKCS1v15,12,902,1,6,0.11428571428571428,2182,1,0,1501,51,1
1,4,8,2048,RSA-PSS,11,457,1,17,0.5,3184,0,0,1545,809,0
1,12,14,2048,RSA-PSS,4,276,1,18,0.8571428571428571,4074,0,1,677,470,1
1,6,10,2048,RSA-PKCS1v15,1,846,1,31,0.6,3763,0,0,60,832,1
1,1,2,3072,RSA-PSS,3,925,1,6,0.5,4999,0,0,1336,43,0
1,6,9,3072,RSA-PKCS1v15,17,349,1,34,0.6666666666666666,3839,0,0,106,204,1
1,0,3,2048,RSA-PSS,20,263,1,44,0.0,1959,0,0,623,347,0
1,5,21,2048,RSA-PKCS1v15,9,727,1,44,0.23809523809523808,3390,1,0,89,58,1
1,23,26,2048,RSA-PSS,12,594,1,27,0.8846153846153846,421,0,0,1292,59,1
1,3,8,3072,RSA-PKCS1v15,11,514,0,36,0.375,1432,1,0,742,680,1
1,0,2,3072,RSA-PKCS1v15,1,310,1,48,0.0,2991,0,1,1863,686,1
1,6,6,2048,RSA-PKCS1v15,14,803,1,42,1.0,1686,0,0,1607,511,1
1,5,28,1024,RSA-PSS,13,261,1,25,0.17857142857142858,1656,0,0,1143,318,1
1,9,29,4096,RSA-PKCS1v15,9,632,1,10,0.3103448275862069,2721,0,0,900,433,0
0,17,26,2048,RSA-PKCS1v15,21,809,1,39,0.6538461538461539,3969,0,0,445,372,1
1,14,25,2048,RSA-PSS,7,305,0,46,0.56,1249,0,0,1453,207,1
1,7,12,1024,RSA-PSS,14,367,1,39,0.5833333333333334,612,0,0,1007,111,1
1,1,5,2048,RSA-PSS,12,401,1,12,0.2,1947,0,0,1375,23,0
0,31,34,3072,RSA-PSS,7,485,0,11,0.9117647058823529,35,0,0,1970,428,1
1,8,15,3072,RSA-PKCS1v15,20,978,1,49,0.5333333333333333,4689,1,0,306,745,1
0,4,15,2048,RSA-PSS,20,752,1,43,0.26666666666666666,1077,0,0,615,940,1
1,9,23,3072,RSA-PSS,21,561,1,3,0.391304347826087,389,0,0,202,787,0
0,3,6,2048,RSA-PSS,13,797,1,22,0.5,1294,0,0,944,684,1
1,5,21,4096,RSA-PSS,0,716,1,4,0.23809523809523808,4474,1,0,1047,11,1
1,15,23,3072,RSA-PSS,12,883,1,8,0.6521739130434783,3192,1,0,1114,572,1
1,2,16,3072,RSA-PSS,7,481,1,14,0.125,3757,0,0,471,934,0
1,9,15,2048,RSA-PSS,17,314,1,20,0.6,2266,1,0,1117,744,1
0,10,25,2048,RSA-PKCS1v15,21,331,0,24,0.4,3937,0,0,1800,747,1
1,10,11,3072,RSA-PKCS1v15,8,683,1,14,0.9090909090909091,4130,0,0,979,515,1
1,0,15,3072,RSA-PKCS1v15,12,983,0,28,0.0,555,0,0,1309,144,0
1,3,4,2048,RSA-PKCS1v15,2,387,1,16,0.75,284,0,0,1707,992,0
1,3,21,4096,RSA-PKCS1v15,17,753,1,32,0.14285714285714285,3451,0,0,309,742,0
1,0,13,4096,RSA-PSS,9,848,1,47,0.0,2279,0,0,1926,521,0
0,8,22,3072,RSA-PSS,4,560,1,12,0.36363636363636365,3118,0,0,733,809,1
1,18,19,4096,RSA-PSS,5,322,1,16,0.9473684210526315,2932,0,0,536,294,1
1,4,34,2048,RSA-PSS,7,485,1,19,0.11764705882352941,3397,0,0,376,325,0
1,5,14,1024,RSA-PKCS1v15,23,588,1,5,0.35714285714285715,1880,0,1,1738,193,1
1,2,4,1024,RSA-PKCS1v15,6,532,1,12,0.5,4023,0,0,499,291,0
1,21,27,3072,RSA-PSS,20,839,1,29,0.7777777777777778,120,0,0,636,639,1
1,0,29,2048,RSA-PSS,17,976,1,5,0.0,1765,0,0,142,419,0
0,19,28,4096,RSA-PKCS1v15,13,399,1,42,0.6785714285714286,4813,1,0,1076,460,1
1,21,35,2048,RSA-PKCS1v15,14,506,1,17,0.6,1377,0,0,1094,996,1
0,6,8,2048,RSA-PKCS1v15,9,946,1,47,0.75,1538,0,0,260,981,1
0,10,16,4096,RSA-PSS,20,335,1,8,0.625,561,0,0,1722,48,1
1,12,30,2048,RSA-PSS,11,312,1,40,0.4,143,0,0,1908,107,1
1,9,18,2048,RSA-PKCS1v15,6,621,1,40,0.5,2921,0,0,1743,264,1
1,2,2,3072,RSA-PKCS1v15,6,563,0,30,1.0,2023,0,1,1317,253,1
0,8,13,2048,RSA-PSS,10,429,1,10,0.6153846153846154,3272,0,0,1840,539,1
1,3,4,2048,RSA-PSS,12,717,1,20,0.75,1070,0,0,378,521,0
1,11,26,2048,RSA-PSS,14,1005,0,45,0.4230769230769231,2517,0,0,1063,732,1
1,22,25,3072,RSA-PSS,17,933,1,16,0.88,2032,0,0,348,158,1
1,13,30,4096,RSA-PKCS1v15,6,851,1,41,0.43333333333333335,2196,0,0,1602,526,1
1,0,11,4096,RSA-PKCS1v15,5,748,1,16,0.0,2675,0,0,1549,919,0
1,1,7,2048,RSA-PKCS1v15,22,815,1,42,0.14285714285714285,3180,0,0,1730,29,0
1,16,31,2048,RSA-PSS,10,894,1,3,0.5161290322580645,2737,0,0,828,538,1
1,10,10,3072,RSA-PSS,7,936,1,23,1.0,3345,0,0,506,726,1
1,8,13,4096,RSA-PSS,19,629,1,22,0.6153846153846154,2656,0,0,382,143,1
0,8,31,2048,RSA-PKCS1v15,0,604,1,28,0.25806451612903225,605,0,0,425,627,1
1,6,7,2048,RSA-PKCS1v15,7,322,1,46,0.8571428571428571,4116,0,0,1824,841,1
1,9,20,3072,RSA-PKCS1v15,7,585,1,45,0.45,2384,0,0,1460,218,1
0,2,4,4096,RSA-PSS,18,449,1,36,0.5,3431,0,0,1669,593,1
0,4,7,2048,RSA-PSS,2,410,1,4,0.5714285714285714,2288,0,0,1731,713,1
1,0,1,2048,RSA-PKCS1v15,4,415,1,38,0.0,1174,0,0,322,67,0
0,4,13,2048,RSA-PSS,2,951,1,24,0.3076923076923077,627,0,1,1614,761,1
1,14,22,1024,RSA-PKCS1v15,14,521,1,19,0.6363636363636364,4870,0,0,250,144,1
1,19,21,3072,RSA-PKCS1v15,13,423,1,11,0.9047619047619048,4154,0,0,1768,141,1
1,22,22,3072,RSA-PKCS1v15,20,400,1,40,1.0,460,1,0,180,346,1
0,24,28,3072,RSA-PKCS1v15,14,441,1,46,0.8571428571428571,1808,0,0,1918,465,1
1,1,9,2048,RSA-PSS,23,678,1,40,0.1111111111111111,4596,0,0,1004,96,0
1,12,26,2048,RSA-PSS,16,712,1,46,0.46153846153846156,1902,0,0,1713,408,1
1,7,9,2048,RSA-PSS,17,600,1,39,0.7777777777777778,2464,0,1,29,118,1
1,15,15,2048,RSA-PSS,1,990,1,18,1.0,2232,0,0,1520,830,1
1,8,10,4096,RSA-PSS,11,809,1,12,0.8,3818,1,1,1702,697,1
1,9,24,2048,RSA-PSS,15,771,1,14,0.375,1294,0,0,1350,804,0
1,8,8,1024,RSA-PKCS1v15,3,960,1,47,1.0,2537,0,0,738,444,1
1,13,24,2048,RSA-PSS,1,359,1,18,0.5416666666666666,1767,0,0,1672,757,1
1,8,16,2048,RSA-PSS,13,502,0,44,0.5,232,0,0,187,982,1
0,24,26,3072,RSA-PSS,10,278,1,42,0.9230769230769231,4374,0,0,55,380,1
1,13,27,4096,RSA-PKCS1v15,12,780,1,12,0.48148148148148145,910,1,0,878,713,1
1,2,4,2048,RSA-PSS,6,399,1,40,0.5,2375,0,0,514,278,0
1,19,24,3072,RSA-PKCS1v15,9,985,1,27,0.7916666666666666,4490,0,1,1434,361,1
1,15,19,2048,RSA-PSS,23,950,1,6,0.7894736842105263,1619,0,0,1855,370,1
1,1,10,2048,RSA-PSS,0,1009,1,24,0.1,4731,0,0,17,622,0
1,9,25,4096,RSA-PSS,20,448,1,33,0.36,3300,0,0,1595,212,0
0,2,18,2048,RSA-PKCS1v15,3,720,1,45,0.1111111111111111,1233,0,1,88,259,1
1,10,19,3072,RSA-PKCS1v15,17,630,1,16,0.5263157894736842,1917,1,1,1247,676,1
1,10,10,2048,RSA-PSS,5,932,1,50,1.0,1372,0,0,1808,97,1
0,20,33,3072,RSA-PSS,1,947,1,12,0.6060606060606061,2761,0,0,1082,210,1
1,4,5,4096,RSA-PSS,2,884,1,31,0.8,3979,1,0,704,548,1
1,21,35,4096,RSA-PKCS1v15,13,521,1,37,0.6,1278,0,0,1586,778,1
1,6,34,4096,RSA-PKCS1v15,7,633,1,13,0.17647058823529413,4947,0,0,725,612,0
1,16,33,3072,RSA-PSS,15,805,1,8,0.48484848484848486,1241,1,0,1254,21,1
1,1,21,2048,RSA-PKCS1v15,18,811,1,38,0.047619047619047616,4078,0,1,1178,729,1
1,11,17,3072,RSA-PKCS1v15,17,329,1,3,0.6470588235294118,1757,0,1,1297,433,1
0,9,22,3072,RSA-PKCS1v15,5,693,1,20,0.4090909090909091,2568,0,0,1906,616,1
1,1,15,1024,RSA-PKCS1v15,13,481,1,4,0.06666666666666667,747,0,0,1070,371,0
0,10,35,2048,RSA-PSS,2,563,1,44,0.2857142857142857,4446,0,0,1898,393,1
1,15,28,4096,RSA-PSS,15,603,1,45,0.5357142857142857,2989,0,0,895,624,1
1,0,7,3072,RSA-PKCS1v15,0,731,1,2,0.0,1961,0,1,452,219,0
1,17,32,2048,RSA-PKCS1v15,11,570,1,36,0.53125,1791,0,0,1330,504,1
1,2,11,4096,RSA-PKCS1v15,13,780,0,23,0.18181818181818182,539,0,0,427,632,0
1,4,10,2048,RSA-PSS,18,680,1,45,0.4,4139,0,0,118,761,0
0,9,9,2048,RSA-PSS,21,779,1,19,1.0,4428,0,0,688,847,1
1,5,14,3072,RSA-PKCS1v15,18,817,1,40,0.35714285714285715,1214,0,0,1022,948,0
1,8,13,2048,RSA-PKCS1v15,8,504,1,8,0.6153846153846154,1996,0,0,580,96,1
1,11,25,3072,RSA-PKCS1v15,6,886,0,16,0.44,356,0,0,251,432,1
0,2,2,2048,RSA-PKCS1v15,13,824,1,43,1.0,1225,0,0,403,188,1
1,11,35,2048,RSA-PSS,4,437,1,18,0.3142857142857143,2778,1,0,1766,501,1
1,3,7,2048,RSA-PSS,17,361,1,36,0.42857142857142855,254,1,0,921,876,0
1,12,21,4096,RSA-PSS,8,446,1,24,0.5714285714285714,2735,0,0,200,375,1
1,3,18,2048,RSA-PSS,20,392,1,1,0.16666666666666666,3061,1,0,1170,434,0
1,2,3,2048,RSA-PSS,6,955,1,1,0.6666666666666666,142,0,0,1075,423,0
1,5,11,1024,RSA-PSS,8,375,1,46,0.45454545454545453,1380,0,0,914,144,1
1,1,24,2048,RSA-PKCS1v15,3,1009,1,36,0.041666666666666664,2106,0,0,1392,540,0
1,14,19,2048,RSA-PKCS1v15,16,327,1,11,0.7368421052631579,1097,0,0,1722,499,1
1,3,4,2048,RSA-PSS,11,1010,1,18,0.75,1657,0,0,320,6,0
1,11,26,3072,RSA-PSS,5,386,1,16,0.4230769230769231,1901,0,0,199,317,0
1,12,32,3072,RSA-PSS,17,712,0,17,0.375,1730,0,0,1465,774,1
0,16,33,4096,RSA-PKCS1v15,7,734,1,24,0.48484848484848486,4012,1,0,145,230,1
1,2,3,3072,RSA-PKCS1v15,20,307,1,34,0.6666666666666666,2270,1,0,1083,122,1
0,0,9,2048,RSA-PKCS1v15,14,829,1,4,0.0,128,0,0,1731,495,0
1,7,8,2048,RSA-PKCS1v15,2,374,1,35,0.875,2913,0,0,143,706,1
1,20,33,3072,RSA-PSS,1,519,1,15,0.6060606060606061,2818,0,0,1247,617,1
1,4,6,3072,RSA-PKCS1v15,23,494,1,2,0.6666666666666666,904,0,0,1124,936,0
1,1,4,2048,RSA-PSS,22,606,1,31,0.25,1275,1,0,1050,711,0
1,3,13,4096,RSA-PKCS1v15,8,510,1,9,0.23076923076923078,372,1,0,1456,475,0
0,1,2,2048,RSA-PKCS1v15,7,940,1,10,0.5,1783,1,0,526,574,1
1,4,5,2048,RSA-PKCS1v15,3,564,1,25,0.8,323,0,0,122,796,0
1,14,27,2048,RSA-PKCS1v15,1,1004,1,5,0.5185185185185185,1716,1,0,1489,508,1
1,11,32,4096,RSA-PSS,13,862,1,14,0.34375,3475,0,0,265,592,0
1,4,21,3072,RSA-PSS,1,750,1,42,0.19047619047619047,4377,0,1,1031,175,1
1,6,8,4096,RSA-PSS,1,312,0,48,0.75,1799,0,0,731,521,1
0,6,8,2048,RSA-PSS,21,658,1,38,0.75,2403,1,0,1244,692,1
1,0,3,3072,RSA-PSS,6,322,1,40,0.0,3620,1,0,1719,271,0
1,3,3,2048,RSA-PSS,11,301,1,2,1.0,3704,0,1,396,674,1
1,4,22,4096,RSA-PSS,5,861,0,18,0.18181818181818182,2290,0,0,913,788,1
1,4,6,1024,RSA-PKCS1v15,17,905,1,29,0.6666666666666666,999,1,0,1481,718,1
1,2,2,2048,RSA-PSS,3,624,1,20,1.0,3690,0,0,108,572,0
1,14,23,2048,RSA-PKCS1v15,18,860,1,8,0.6086956521739131,2473,0,0,1516,186,1
0,2,2,4096,RSA-PSS,12,487,1,37,1.0,914,0,0,1928,587,1
0,13,17,3072,RSA-PKCS1v15,19,657,1,49,0.7647058823529411,3054,0,0,859,94,1
1,18,35,2048,RSA-PSS,20,816,1,48,0.5142857142857142,3407,1,0,636,579,1
0,12,34,2048,RSA-PKCS1v15,22,278,1,26,0.35294117647058826,4007,0,0,1706,514,1
1,9,23,4096,RSA-PSS,1,829,1,37,0.391304347826087,4849,0,0,1484,178,1
1,20,30,4096,RSA-PSS,7,522,1,49,0.6666666666666666,920,0,0,933,654,1
1,4,8,3072,RSA-PSS,18,373,1,4,0.5,2617,0,0,1940,952,0
1,22,22,2048,RSA-PSS,8,855,1,33,1.0,1755,0,0,769,989,1
1,3,5,2048,RSA-PKCS1v15,3,856,1,22,0.6,2133,1,1,1033,965,1
0,12,13,4096,RSA-PSS,15,310,1,6,0.9230769230769231,4352,0,0,1391,556,1
1,19,29,2048,RSA-PSS,18,408,1,33,0.6551724137931034,1861,1,0,1816,686,1
1,24,31,2048,RSA-PKCS1v15,9,494,1,28,0.7741935483870968,4681,1,0,1149,902,1
1,5,16,3072,RSA-PSS,5,520,1,24,0.3125,3775,0,0,1186,904,0
1,30,30,4096,RSA-PKCS1v15,15,523,1,4,1.0,1625,0,0,36,295,1
1,3,16,2048,RSA-PKCS1v15,9,368,0,2,0.1875,2400,0,0,1028,231,0
1,1,12,3072,RSA-PSS,12,421,1,13,0.08333333333333333,2772,0,0,413,236,0
1,15,17,4096,RSA-PSS,8,923,1,46,0.8823529411764706,1215,0,0,1111,93,1
0,4,16,2048,RSA-PKCS1v15,6,263,0,49,0.25,4036,0,0,483,487,1
1,5,12,2048,RSA-PSS,3,969,0,11,0.4166666666666667,2689,0,0,912,44,1
1,3,8,4096,RSA-PKCS1v15,18,472,1,35,0.375,2456,0,0,1800,539,0
1,12,20,4096,RSA-PSS,3,686,1,39,0.6,3322,0,0,603,784,1
1,2,3,4096,RSA-PSS,18,547,0,10,0.6666666666666666,4397,0,0,1831,475,1
1,1,16,3072,RSA-PKCS1v15,18,305,1,43,0.0625,2111,0,0,1082,39,0
1,12,30,2048,RSA-PSS,11,362,1,10,0.4,3226,0,0,1164,1000,0
1,10,23,4096,RSA-PSS,12,264,1,8,0.43478260869565216,3679,0,0,172,385,0
0,21,28,2048,RSA-PSS,3,1000,1,5,0.75,3040,0,0,260,435,1
1,4,5,4096,RSA-PKCS1v15,9,955,1,23,0.8,2534,1,0,1519,959,1
1,3,20,4096,RSA-PSS,20,711,1,34,0.15,4127,0,0,25,289,0
1,1,1,3072,RSA-PKCS1v15,6,578,1,47,1.0,3317,0,0,198,248,0
1,19,30,4096,RSA-PSS,4,564,0,32,0.6333333333333333,2752,0,0,579,562,1
1,19,21,4096,RSA-PKCS1v15,16,877,0,16,0.9047619047619048,1971,0,0,423,359,1
0,14,20,2048,RSA-PSS,17,400,1,4,0.7,4635,0,0,1142,438,1
1,3,6,3072,RSA-PSS,10,995,1,28,0.5,3631,0,0,792,795,0
1,8,22,2048,RSA-PKCS1v15,14,667,0,48,0.36363636363636365,110,0,0,6,209,1
0,6,18,3072,RSA-PSS,20,369,1,44,0.3333333333333333,1323,0,1,1121,124,1
1,2,8,2048,RSA-PKCS1v15,21,830,1,14,0.25,3458,0,0,72,975,0
1,18,32,2048,RSA-PSS,6,654,1,12,0.5625,3254,0,0,929,854,1
1,5,33,4096,RSA-PKCS1v15,17,530,1,21,0.15151515151515152,1911,0,0,432,761,0
0,14,16,4096,RSA-PSS,5,379,1,48,0.875,4684,0,0,963,403,1
1,8,12,2048,RSA-PKCS1v15,17,341,1,16,0.6666666666666666,1224,0,0,380,284,1
1,19,34,3072,RSA-PSS,15,837,1,44,0.5588235294117647,3636,0,0,1794,663,1
0,8,14,3072,RSA-PKCS1v15,1,302,1,2,0.5714285714285714,799,0,0,550,576,1
1,31,33,4096,RSA-PKCS1v15,18,966,1,23,0.9393939393939394,1376,0,0,808,996,1
1,3,23,3072,RSA-PSS,0,456,1,29,0.13043478260869565,3633,0,0,56,241,0
1,1,2,3072,RSA-PKCS1v15,10,531,1,46,0.5,512,0,0,615,167,0
1,17,21,4096,RSA-PKCS1v15,19,804,1,43,0.8095238095238095,182,0,0,1127,752,1
1,0,2,2048,RSA-PSS,4,970,1,9,0.0,896,0,0,216,561,0
0,19,27,4096,RSA-PSS,15,385,1,7,0.7037037037037037,1427,0,1,21,699,1
0,6,9,4096,RSA-PSS,22,703,1,29,0.6666666666666666,3542,0,0,1651,148,1
1,1,1,4096,RSA-PSS,0,644,1,44,1.0,4378,0,0,210,701,0
1,10,11,2048,RSA-PSS,18,831,1,17,0.9090909090909091,3439,0,0,291,623,1
1,0,3,2048,RSA-PSS,13,518,1,9,0.0,1419,0,0,715,896,0
1,21,23,4096,RSA-PKCS1v15,2,887,1,6,0.9130434782608695,2933,0,0,1995,265,1
1,25,26,2048,RSA-PKCS1v15,1,533,1,44,0.9615384615384616,4963,0,0,835,501,1
1,3,4,3072,RSA-PKCS1v15,23,969,1,20,0.75,1920,0,0,188,279,0
1,11,18,2048,RSA-PSS,4,301,1,10,0.6111111111111112,270,0,0,1175,749,1
0,1,6,2048,RSA-PSS,16,423,1,9,0.16666666666666666,3362,0,0,1985,903,0
1,12,35,2048,RSA-PKCS1v15,17,700,1,12,0.34285714285714286,1362,0,1,191,159,1
1,9,22,3072,RSA-PKCS1v15,0,877,1,33,0.4090909090909091,1509,0,0,407,60,0
1,8,15,2048,RSA-PSS,14,301,1,32,0.5333333333333333,4383,0,0,214,499,1
1,9,22,3072,RSA-PKCS1v15,21,979,1,34,0.4090909090909091,2150,0,0,1915,317,0
1,6,12,3072,RSA-PSS,8,795,1,19,0.5,3016,1,0,554,587,1
1,3,18,3072,RSA-PSS,22,342,0,33,0.16666666666666666,3628,0,0,1502,488,0
0,18,35,3072,RSA-PKCS1v15,4,640,1,48,0.5142857142857142,832,0,0,960,465,1
1,9,30,2048,RSA-PSS,12,924,1,16,0.3,541,0,0,1218,228,0
1,2,24,2048,RSA-PSS,18,520,1,50,0.08333333333333333,2830,0,1,1274,666,1
1,24,30,2048,RSA-PSS,23,277,1,50,0.8,176,1,0,593,356,1
1,4,14,3072,RSA-PSS,9,1023,1,23,0.2857142857142857,4936,0,0,41,466,0
1,4,6,3072,RSA-PKCS1v15,19,958,1,26,0.6666666666666666,4341,0,0,370,822,0
0,2,3,3072,RSA-PSS,20,705,1,45,0.6666666666666666,1065,0,0,20,799,1
1,1,16,2048,RSA-PSS,13,487,1,44,0.0625,1264,0,0,1033,753,0
1,2,7,3072,RSA-PKCS1v15,21,441,1,41,0.2857142857142857,4296,0,0,825,227,0
1,3,14,2048,RSA-PSS,20,581,1,37,0.21428571428571427,4017,0,1,1660,169,1
0,9,9,4096,RSA-PSS,11,438,1,9,1.0,4718,0,1,1227,284,1
1,1,15,1024,RSA-PKCS1v15,10,652,1,30,0.06666666666666667,1541,0,0,1937,858,0
1,1,21,4096,RSA-PKCS1v15,22,736,0,13,0.047619047619047616,3538,0,1,1614,262,1
1,23,35,3072,RSA-PSS,6,658,1,48,0.6571428571428571,4052,0,1,1746,802,1
1,0,2,2048,RSA-PSS,16,718,1,42,0.0,982,0,0,18,860,0
1,15,27,2048,RSA-PKCS1v15,17,672,1,16,0.5555555555555556,3834,1,0,748,364,1
0,1,2,1024,RSA-PSS,6,457,1,46,0.5,4754,0,0,319,521,1
1,30,35,2048,RSA-PSS,23,320,1,2,0.8571428571428571,115,0,0,1736,861,1
1,10,18,2048,RSA-PSS,19,810,1,31,0.5555555555555556,1614,0,0,861,98,1
1,7,14,3072,RSA-PKCS1v15,5,988,1,43,0.5,3783,0,0,968,12,1
1,0,20,2048,RSA-PSS,10,272,1,19,0.0,4297,1,0,1306,784,0
1,10,18,4096,RSA-PKCS1v15,11,438,1,11,0.5555555555555556,1012,0,0,1500,583,1
1,6,10,2048,RSA-PKCS1v15,15,646,1,14,0.6,4740,0,0,1992,927,1
1,20,25,4096,RSA-PKCS1v15,18,299,1,47,0.8,94,0,0,252,417,1
1,2,2,3072,RSA-PKCS1v15,22,955,1,25,1.0,3005,0,0,340,501,0
1,25,25,2048,RSA-PSS,18,737,1,7,1.0,4833,0,0,751,135,1
1,11,33,2048,RSA-PKCS1v15,10,518,1,15,0.3333333333333333,3297,0,0,968,259,0
1,30,31,2048,RSA-PSS,15,429,1,30,0.967741935483871,4175,0,0,462,916,1
0,0,14,2048,RSA-PKCS1v15,22,696,0,31,0.0,163,0,0,1805,517,1
0,0,1,3072,RSA-PKCS1v15,11,821,1,24,0.0,1471,0,0,631,963,0
0,10,16,3072,RSA-PSS,7,475,1,25,0.625,2822,0,0,401,751,1
1,3,3,4096,RSA-PKCS1v15,2,813,1,8,1.0,2029,0,0,371,294,0
1,31,35,3072,RSA-PKCS1v15,1,649,1,30,0.8857142857142857,1107,0,0,282,847,1
1,0,6,4096,RSA-PSS,5,450,1,36,0.0,580,0,0,390,611,0
1,14,25,4096,RSA-PKCS1v15,15,664,1,50,0.56,158,1,0,337,440,1
0,11,13,4096,RSA-PKCS1v15,19,726,1,14,0.8461538461538461,3587,0,0,1924,151,1
0,6,34,3072,RSA-PKCS1v15,23,602,1,29,0.17647058823529413,2701,1,1,1369,481,1
1,1,8,2048,RSA-PSS,14,717,0,27,0.125,2119,0,0,1543,258,0
1,9,21,2048,RSA-PKCS1v15,13,316,1,50,0.42857142857142855,1928,0,0,273,868,1
1,23,34,3072,RSA-PSS,1,421,1,36,0.6764705882352942,4879,0,0,1277,149,1
0,3,4,2048,RSA-PSS,19,927,1,34,0.75,3665,0,1,1020,974,1
0,11,25,2048,RSA-PSS,17,406,0,21,0.44,1722,0,0,1878,142,1
0,2,15,3072,RSA-PKCS1v15,13,366,1,38,0.13333333333333333,2502,0,0,640,251,1
0,1,4,1024,RSA-PKCS1v15,17,743,1,11,0.25,1354,0,0,1398,958,1
1,10,12,3072,RSA-PKCS1v15,1,804,1,33,0.8333333333333334,3975,0,0,1628,746,1
0,10,32,2048,RSA-PKCS1v15,0,258,1,15,0.3125,1116,0,0,818,907,1
1,2,32,3072,RSA-PSS,19,738,1,12,0.0625,3515,0,0,1920,644,0
1,11,28,4096,RSA-PSS,1,268,1,24,0.39285714285714285,4122,0,0,6,47,0
1,2,13,2048,RSA-PKCS1v15,8,417,1,50,0.15384615384615385,592,0,0,1438,372,0
1,9,31,3072,RSA-PKCS1v15,8,599,1,37,0.2903225806451613,4360,0,0,586,94,1
1,10,14,4096,RSA-PSS,15,704,1,11,0.7142857142857143,2700,1,0,1522,761,1
0,16,20,2048,RSA-PKCS1v15,10,587,1,19,0.8,4666,0,0,1080,356,1
1,1,18,2048,RSA-PKCS1v15,22,519,1,1,0.05555555555555555,2590,0,1,1831,532,0
1,16,29,2048,RSA-PKCS1v15,5,338,1,17,0.5517241379310345,329,1,0,1422,692,1
0,1,6,3072,RSA-PKCS1v15,11,589,1,40,0.16666666666666666,4325,0,0,822,272,1
1,29,32,3072,RSA-PKCS1v15,2,635,1,16,0.90625,4804,0,0,238,994,1
1,19,29,2048,RSA-PKCS1v15,11,474,1,26,0.6551724137931034,1447,1,0,490,429,1
1,1,2,3072,RSA-PSS,22,913,1,43,0.5,41,1,0,1046,648,1
0,9,23,2048,RSA-PSS,0,709,1,43,0.391304347826087,724,0,0,441,749,1
0,9,19,4096,RSA-PSS,8,928,0,15,0.47368421052631576,1049,0,0,1065,702,1
1,7,31,2048,RSA-PSS,19,996,1,8,0.22580645161290322,418,0,0,858,724,0
0,0,5,4096,RSA-PKCS1v15,21,1001,1,30,0.0,1137,0,0,1802,917,0
1,12,19,2048,RSA-PKCS1v15,5,344,1,14,0.631578947368421,716,0,0,258,64,1
1,15,34,3072,RSA-PSS,10,588,1,33,0.4411764705882353,3849,1,0,1475,872,1
0,5,10,3072,RSA-PSS,2,565,1,42,0.5,3033,0,0,48,926,1
1,24,25,3072,RSA-PSS,3,982,1,7,0.96,3669,1,0,1834,164,1
1,1,2,2048,RSA-PSS,9,675,1,18,0.5,792,0,0,503,389,0
0,10,11,4096,RSA-PSS,18,864,0,12,0.9090909090909091,2189,0,0,139,469,1
1,26,31,2048,RSA-PKCS1v15,5,980,1,2,0.8387096774193549,1188,1,0,1226,550,1
1,8,15,3072,RSA-PKCS1v15,0,609,1,50,0.5333333333333333,2416,0,0,1676,727,1
1,1,9,3072,RSA-PSS,7,355,1,29,0.1111111111111111,2817,0,0,509,531,0
1,1,23,4096,RSA-PSS,7,400,1,21,0.043478260869565216,4270,0,1,654,766,1
1,11,19,3072,RSA-PKCS1v15,5,265,0,7,0.5789473684210527,2774,0,0,1310,586,1
1,7,9,2048,RSA-PKCS1v15,16,299,0,27,0.7777777777777778,2734,0,0,1257,923,1
1,8,35,3072,RSA-PKCS1v15,18,1018,1,12,0.22857142857142856,2545,0,0,1340,995,0
1,11,21,3072,RSA-PSS,0,641,1,20,0.5238095238095238,222,0,0,461,653,1
1,9,9,4096,RSA-PKCS1v15,14,994,1,14,1.0,1958,0,0,670,905,1
1,8,28,4096,RSA-PSS,12,1016,1,10,0.2857142857142857,4871,0,0,1574,17,0
0,1,7,3072,RSA-PSS,20,750,1,41,0.14285714285714285,3156,0,0,1611,607,1
1,1,16,2048,RSA-PKCS1v15,2,748,1,23,0.0625,1211,0,1,1345,746,0
1,15,16,4096,RSA-PKCS1v15,1,424,1,30,0.9375,1829,0,0,1199,940,1
0,19,33,3072,RSA-PKCS1v15,2,897,1,47,0.5757575757575758,2899,0,0,1063,301,1
1,3,4,4096,RSA-PSS,8,786,1,31,0.75,654,0,0,433,88,0
0,1,4,2048,RSA-PKCS1v15,15,591,1,10,0.25,2369,0,0,485,810,0
0,0,17,2048,RSA-PKCS1v15,23,1002,1,19,0.0,4232,0,0,1609,563,0
1,18,29,2048,RSA-PSS,12,768,1,19,0.6206896551724138,4482,0,1,1082,245,1
1,35,35,3072,RSA-PKCS1v15,18,385,1,44,1.0,4330,0,0,496,467,1
0,7,7,4096,RSA-PKCS1v15,17,794,1,23,1.0,3098,0,0,875,442,1
1,21,27,1024,RSA-PSS,20,769,1,44,0.7777777777777778,506,0,0,601,113,1
1,26,28,3072,RSA-PSS,11,505,1,41,0.9285714285714286,2026,1,0,1809,442,1
0,1,22,3072,RSA-PSS,11,989,1,32,0.045454545454545456,482,1,0,1158,926,1
1,14,14,3072,RSA-PSS,0,393,1,20,1.0,1898,0,0,655,901,1
1,0,7,2048,RSA-PSS,19,530,1,4,0.0,3392,0,0,1533,8,0
1,13,22,4096,RSA-PKCS1v15,7,719,1,33,0.5909090909090909,1170,1,0,1987,549,1
1,1,5,1024,RSA-PKCS1v15,16,396,1,48,0.2,2532,0,0,607,559,0
1,0,2,4096,RSA-PSS,20,511,1,1,0.0,4322,0,0,156,100,0
1,14,27,2048,RSA-PKCS1v15,19,711,1,13,0.5185185185185185,205,0,0,201,345,1
1,11,21,3072,RSA-PKCS1v15,21,689,0,3,0.5238095238095238,2258,1,0,1022,685,1
1,4,15,4096,RSA-PSS,6,862,0,12,0.26666666666666666,4471,0,1,1964,753,1
1,19,21,2048,RSA-PSS,8,428,1,29,0.9047619047619048,2776,0,0,499,901,1
0,6,10,2048,RSA-PSS,16,728,1,31,0.6,1561,0,0,1426,481,1
1,23,23,3072,RSA-PKCS1v15,9,678,0,41,1.0,2457,1,0,1520,703,1
1,4,5,3072,RSA-PSS,3,694,1,36,0.8,4319,0,0,488,342,0
0,1,1,3072,RSA-PKCS1v15,21,312,1,2,1.0,2398,0,0,160,943,1
0,13,13,2048,RSA-PKCS1v15,6,753,1,22,1.0,3016,0,0,1235,234,1
1,13,21,1024,RSA-PKCS1v15,6,869,1,22,0.6190476190476191,128,0,0,1477,793,1
1,4,26,2048,RSA-PKCS1v15,7,424,0,41,0.15384615384615385,3506,0,0,1708,235,1
0,17,21,2048,RSA-PSS,23,837,1,31,0.8095238095238095,1726,0,0,1094,126,1
1,13,18,4096,RSA-PKCS1v15,23,816,1,45,0.7222222222222222,2893,0,0,831,690,1
1,11,32,1024,RSA-PSS,7,683,1,14,0.34375,4947,0,0,972,477,1
1,5,17,2048,RSA-PKCS1v15,15,674,0,29,0.29411764705882354,2924,0,0,1338,685,1
1,35,35,2048,RSA-PSS,11,602,1,35,1.0,1682,0,0,431,372,1
1,3,11,2048,RSA-PSS,14,772,1,50,0.2727272727272727,1212,0,1,1406,120,1
1,21,21,3072,RSA-PSS,7,710,1,9,1.0,1465,0,0,1681,542,1
1,13,26,3072,RSA-PKCS1v15,21,969,1,47,0.5,4671,0,1,1191,560,1
1,4,4,1024,RSA-PKCS1v15,8,457,1,32,1.0,3988,0,0,1979,179,0
1,24,34,1024,RSA-PKCS1v15,2,434,1,27,0.7058823529411765,2481,0,0,1415,94,1
1,0,18,2048,RSA-PSS,21,312,0,10,0.0,127,0,0,1343,567,0
1,35,35,4096,RSA-PKCS1v15,20,953,1,25,1.0,377,0,0,117,748,1
0,19,29,3072,RSA-PKCS1v15,15,859,1,49,0.6551724137931034,3186,0,0,697,951,1
0,17,29,1024,RSA-PKCS1v15,14,756,1,45,0.5862068965517241,3384,0,1,1536,302,1
1,5,21,3072,RSA-PSS,23,994,1,33,0.23809523809523808,3822,1,1,203,799,1
1,2,13,3072,RSA-PKCS1v15,3,367,1,11,0.15384615384615385,2207,0,0,1186,418,0
1,12,17,4096,RSA-PKCS1v15,19,403,0,37,0.7058823529411765,4921,0,0,1845,860,1
1,4,9,4096,RSA-PSS,15,970,1,9,0.4444444444444444,2139,0,0,962,586,0
0,1,1,2048,RSA-PSS,9,633,1,7,1.0,910,0,0,462,452,1
0,0,2,2048,RSA-PSS,10,603,1,7,0.0,202,0,0,1874,417,0
0,7,29,2048,RSA-PSS,4,613,1,34,0.2413793103448276,2780,0,0,944,824,1
1,13,33,4096,RSA-PSS,10,311,1,19,0.3939393939393939,3358,1,0,700,954,1
1,6,10,4096,RSA-PSS,12,571,1,20,0.6,960,0,0,1579,122,1
1,13,21,3072,RSA-PKCS1v15,14,440,1,50,0.6190476190476191,3616,0,0,201,57,1
1,5,28,2048,RSA-PKCS1v15,5,309,1,42,0.17857142857142858,267,0,0,1255,785,1
1,11,11,2048,RSA-PSS,15,292,1,25,1.0,1231,0,0,516,139,1
1,15,34,2048,RSA-PKCS1v15,14,978,0,5,0.4411764705882353,660,0,0,1776,199,1
1,0,8,2048,RSA-PSS,10,525,1,48,0.0,2328,0,0,1230,721,0
1,12,22,3072,RSA-PKCS1v15,19,987,1,29,0.5454545454545454,4501,0,0,1355,988,1
1,6,8,1024,RSA-PSS,1,763,1,27,0.75,2435,0,0,606,785,1
0,13,15,2048,RSA-PSS,1,483,0,25,0.8666666666666667,932,0,0,744,361,1
0,6,17,3072,RSA-PKCS1v15,11,683,1,37,0.35294117647058826,3169,0,0,875,650,1
0,13,23,1024,RSA-PKCS1v15,15,978,1,15,0.5652173913043478,407,1,0,347,410,1
1,14,24,2048,RSA-PKCS1v15,18,256,1,48,0.5833333333333334,2924,0,0,349,646,1
1,11,19,2048,RSA-PKCS1v15,1,278,0,4,0.5789473684210527,570,0,0,1972,849,1
1,0,5,4096,RSA-PKCS1v15,16,758,1,14,0.0,199,0,0,1184,528,0
0,4,32,4096,RSA-PKCS1v15,13,703,1,49,0.125,214,0,1,1649,615,1
1,0,1,1024,RSA-PKCS1v15,23,751,1,17,0.0,3025,0,0,1276,243,0
1,19,23,3072,RSA-PKCS1v15,15,680,1,21,0.8260869565217391,4149,0,0,1246,90,1
1,6,8,2048,RSA-PSS,4,955,1,16,0.75,3381,0,1,858,516,1
1,7,13,3072,RSA-PKCS1v15,9,273,1,26,0.5384615384615384,3051,0,0,1630,62,1
1,0,8,3072,RSA-PKCS1v15,16,700,1,9,0.0,1715,0,0,1971,212,0
1,20,23,4096,RSA-PSS,12,816,1,2,0.8695652173913043,722,0,0,394,248,1
1,0,1,3072,RSA-PSS,15,814,1,43,0.0,3466,0,0,1420,704,0
1,2,24,4096,RSA-PSS,8,882,0,15,0.08333333333333333,2694,0,0,994,497,1
0,16,35,4096,RSA-PSS,23,294,1,35,0.45714285714285713,4416,1,0,978,56,1
0,18,24,4096,RSA-PKCS1v15,3,984,1,24,0.75,4983,0,0,167,459,1
1,13,17,3072,RSA-PKCS1v15,23,465,1,48,0.7647058823529411,3609,0,0,976,919,1
0,5,5,2048,RSA-PSS,15,466,1,38,1.0,4962,0,0,452,289,1
1,7,20,2048,RSA-PSS,22,820,1,14,0.35,2331,0,0,1162,543,0
1,12,21,1024,RSA-PKCS1v15,10,536,1,37,0.5714285714285714,3887,0,0,860,903,1
1,26,31,2048,RSA-PKCS1v15,6,388,1,37,0.8387096774193549,3532,0,0,1897,470,1
1,3,11,3072,RSA-PKCS1v15,16,704,1,6,0.2727272727272727,4636,0,0,210,389,0
1,2,15,3072,RSA-PKCS1v15,21,519,1,18,0.13333333333333333,4122,0,0,768,421,0
1,4,19,4096,RSA-PSS,12,366,1,22,0.21052631578947367,2775,0,0,1609,513,0
1,0,7,2048,RSA-PKCS1v15,3,810,1,18,0.0,4575,0,0,214,710,0
1,28,28,2048,RSA-PSS,13,493,1,2,1.0,4916,0,0,1802,557,1
0,5,5,4096,RSA-PSS,9,712,1,32,1.0,564,0,0,1384,559,1
1,0,5,2048,RSA-PSS,9,1014,1,17,0.0,2150,1,0,1687,964,0
1,30,30,2048,RSA-PKCS1v15,9,771,1,1,1.0,4987,0,0,1259,734,1
1,21,32,4096,RSA-PSS,11,428,1,9,0.65625,2688,1,0,973,798,1
1,1,8,4096,RSA-PKCS1v15,1,448,1,13,0.125,4926,0,0,1752,81,0
1,4,10,2048,RSA-PSS,22,770,1,36,0.4,593,0,0,1421,444,0
1,26,32,4096,RSA-PKCS1v15,8,823,1,37,0.8125,4951,0,0,304,792,1
1,24,28,3072,RSA-PSS,4,664,0,30,0.8571428571428571,2006,0,0,1133,287,1
1,7,17,4096,RSA-PSS,7,943,1,31,0.4117647058823529,851,0,1,857,284,1
1,22,31,4096,RSA-PKCS1v15,20,883,1,23,0.7096774193548387,2385,0,0,1836,941,1
1,0,8,2048,RSA-PKCS1v15,13,339,1,50,0.0,4048,1,0,861,491,0
1,19,25,3072,RSA-PSS,6,926,1,28,0.76,1814,0,0,2000,388,1
1,6,9,1024,RSA-PSS,6,335,1,10,0.6666666666666666,739,0,0,1856,701,1
1,2,2,1024,RSA-PKCS1v15,8,833,1,25,1.0,4359,0,0,808,551,0
1,6,15,4096,RSA-PSS,2,464,1,36,0.4,1473,0,0,1414,595,0
1,2,3,3072,RSA-PKCS1v15,13,777,1,26,0.6666666666666666,4956,0,0,120,408,0
1,2,4,3072,RSA-PKCS1v15,16,454,1,26,0.5,2177,1,0,1864,327,1
1,12,14,4096,RSA-PSS,17,826,1,45,0.8571428571428571,4927,0,0,1634,942,1
0,21,25,4096,RSA-PKCS1v15,11,489,1,13,0.84,1582,0,0,1234,949,1
1,9,10,4096,RSA-PSS,21,499,1,17,0.9,4976,0,0,427,176,1
1,15,21,3072,RSA-PKCS1v15,13,648,1,40,0.7142857142857143,1403,1,0,1568,521,1
1,2,12,2048,RSA-PKCS1v15,12,821,1,4,0.16666666666666666,266,0,0,945,790,0
1,19,27,2048,RSA-PSS,13,701,1,23,0.7037037037037037,137,1,0,330,383,1
1,1,2,2048,RSA-PKCS1v15,8,648,1,35,0.5,1392,0,0,1250,258,0
0,2,13,2048,RSA-PSS,18,264,1,11,0.15384615384615385,3738,0,0,1751,347,0
1,0,32,3072,RSA-PKCS1v15,1,868,1,12,0.0,4661,0,0,635,272,0
1,30,31,3072,RSA-PKCS1v15,10,970,1,9,0.967741935483871,2710,0,0,1171,261,1
0,14,16,4096,RSA-PKCS1v15,16,408,1,15,0.875,3157,0,1,1364,396,1
0,0,32,3072,RSA-PKCS1v15,1,365,1,45,0.0,2215,0,1,564,692,1
1,16,32,3072,RSA-PSS,18,521,1,37,0.5,4190,0,0,180,154,1
1,1,34,2048,RSA-PKCS1v15,6,628,1,5,0.029411764705882353,331,1,0,290,527,0
1,3,11,1024,RSA-PKCS1v15,17,407,1,19,0.2727272727272727,2366,0,0,187,67,0
0,5,10,2048,RSA-PKCS1v15,12,850,1,11,0.5,4389,1,0,486,841,1
1,7,15,4096,RSA-PSS,4,670,1,9,0.4666666666666667,3123,0,1,1361,699,1
1,15,17,2048,RSA-PSS,17,901,1,35,0.8823529411764706,1927,0,0,1132,348,1
1,18,18,3072,RSA-PSS,22,581,1,50,1.0,3966,1,0,1150,935,1
1,0,9,3072,RSA-PSS,23,927,1,27,0.0,4719,0,0,773,63,0
1,2,25,2048,RSA-PKCS1v15,23,806,1,13,0.08,2706,0,0,1730,356,0
1,11,14,2048,RSA-PKCS1v15,15,431,1,12,0.7857142857142857,1526,0,0,1833,281,1
1,2,25,3072,RSA-PKCS1v15,14,780,1,9,0.08,3303,1,0,1058,41,0
0,4,22,2048,RSA-PSS,7,570,1,42,0.18181818181818182,4334,0,0,1462,540,1
1,26,30,4096,RSA-PSS,14,322,1,28,0.8666666666666667,3055,0,0,1300,367,1
1,11,20,3072,RSA-PKCS1v15,0,1015,1,13,0.55,128,0,1,1518,277,1
0,11,21,3072,RSA-PKCS1v15,16,808,1,20,0.5238095238095238,2381,0,1,182,221,1
0,19,32,4096,RSA-PKCS1v15,14,439,1,13,0.59375,4425,1,0,1263,729,1
0,12,21,3072,RSA-PSS,13,290,0,27,0.5714285714285714,3928,0,0,1858,734,1
1,19,35,4096,RSA-PKCS1v15,13,760,1,26,0.5428571428571428,3270,0,0,1372,61,1
1,8,32,2048,RSA-PKCS1v15,9,331,1,29,0.25,2595,0,0,146,103,0
0,6,30,3072,RSA-PSS,1,727,1,29,0.2,4806,0,0,1068,185,1
1,3,12,2048,RSA-PSS,5,837,1,22,0.25,2451,0,0,1895,907,0
0,18,18,2048,RSA-PKCS1v15,16,1001,1,9,1.0,2709,0,0,1840,147,1
1,21,21,2048,RSA-PSS,4,778,0,24,1.0,1027,0,0,499,75,1
1,2,13,3072,RSA-PKCS1v15,4,538,1,42,0.15384615384615385,4511,0,0,803,473,0
1,5,21,2048,RSA-PKCS1v15,14,791,1,19,0.23809523809523808,3057,0,0,1999,1,0
1,8,8,2048,RSA-PKCS1v15,14,529,1,38,1.0,2078,0,0,1903,416,1
1,5,7,4096,RSA-PKCS1v15,19,794,1,31,0.7142857142857143,3675,0,0,1319,469,1
1,19,23,4096,RSA-PSS,10,309,1,39,0.8260869565217391,4260,0,1,1795,365,1
1,21,32,3072,RSA-PSS,4,310,1,15,0.65625,4972,0,0,531,845,1
1,10,11,4096,RSA-PSS,0,1000,1,32,0.9090909090909091,4664,0,0,1751,674,1
0,18,22,4096,RSA-PKCS1v15,10,532,1,46,0.8181818181818182,203,1,0,211,17,1
0,7,22,3072,RSA-PKCS1v15,10,698,1,48,0.3181818181818182,2456,0,0,893,510,1
1,19,25,2048,RSA-PKCS1v15,5,673,1,46,0.76,1409,0,0,1426,755,1
1,7,22,4096,RSA-PSS,22,887,1,29,0.3181818181818182,2529,0,0,1255,439,0
1,9,28,3072,RSA-PSS,7,480,1,34,0.32142857142857145,3937,0,0,1363,879,0
1,25,29,2048,RSA-PKCS1v15,1,825,1,9,0.8620689655172413,3697,0,0,5,531,1
1,2,13,3072,RSA-PSS,14,510,1,35,0.15384615384615385,4907,0,0,311,842,0
1,10,18,2048,RSA-PSS,22,431,1,6,0.5555555555555556,562,0,0,1805,938,1
1,0,2,4096,RSA-PSS,21,821,1,37,0.0,739,0,0,162,59,0
1,27,29,2048,RSA-PSS,8,401,1,14,0.9310344827586207,2570,0,1,216,713,1
1,8,21,4096,RSA-PKCS1v15,14,919,1,47,0.38095238095238093,4007,0,0,786,115,1
1,3,15,4096,RSA-PSS,7,640,1,50,0.2,4276,0,0,836,203,0
1,23,27,3072,RSA-PKCS1v15,15,517,0,49,0.8518518518518519,4955,0,0,1636,806,1
1,18,31,3072,RSA-PSS,13,786,1,9,0.5806451612903226,803,0,0,1992,543,1
1,15,15,2048,RSA-PKCS1v15,14,626,1,19,1.0,134,0,0,1195,194,1
0,6,23,1024,RSA-PKCS1v15,19,938,1,23,0.2608695652173913,184,0,0,1985,472,1
0,18,24,2048,RSA-PSS,12,452,1,41,0.75,2561,0,0,252,106,1
1,11,13,4096,RSA-PKCS1v15,8,840,1,28,0.8461538461538461,3858,0,0,1705,879,1
1,14,22,3072,RSA-PKCS1v15,0,852,1,16,0.6363636363636364,3466,0,0,1062,965,1
1,30,33,2048,RSA-PSS,5,539,0,26,0.9090909090909091,2768,1,0,228,818,1
1,2,3,2048,RSA-PKCS1v15,7,557,1,38,0.6666666666666666,3849,0,0,1958,126,0
1,13,19,4096,RSA-PSS,19,387,1,40,0.6842105263157895,3765,0,0,909,414,1
1,10,23,2048,RSA-PKCS1v15,17,375,1,25,0.43478260869565216,3652,1,0,1661,615,1
0,25,29,4096,RSA-PSS,17,983,1,35,0.8620689655172413,4211,1,1,1302,675,1
1,9,30,2048,RSA-PSS,16,391,1,5,0.3,1980,0,0,285,510,0
1,10,25,3072,RSA-PSS,20,883,1,7,0.4,1670,0,0,1534,501,0
0,5,8,1024,RSA-PSS,15,828,1,23,0.625,2585,0,1,649,827,1
1,1,16,3072,RSA-PSS,12,784,1,25,0.0625,47,1,1,366,121,1
1,2,8,3072,RSA-PKCS1v15,21,289,1,1,0.25,4500,0,0,1644,752,0
1,1,1,2048,RSA-PKCS1v15,3,787,1,22,1.0,2534,0,0,1092,913,0
1,5,5,3072,RSA-PSS,3,463,1,4,1.0,4827,0,0,1128,607,1
1,1,3,3072,RSA-PKCS1v15,20,929,0,28,0.3333333333333333,3586,0,0,1425,962,0
1,1,1,3072,RSA-PKCS1v15,13,554,1,48,1.0,1318,0,0,1270,208,0
1,0,4,4096,RSA-PKCS1v15,4,777,1,14,0.0,3545,0,0,1701,661,0
1,27,35,2048,RSA-PSS,15,349,1,33,0.7714285714285715,4470,0,0,192,350,1
1,0,32,3072,RSA-PSS,13,669,1,4,0.0,2238,0,1,1731,820,1
1,34,34,4096,RSA-PKCS1v15,13,626,0,42,1.0,4839,0,0,644,193,1
0,7,25,4096,RSA-PSS,13,664,0,11,0.28,2933,0,0,1320,654,1
0,7,10,4096,RSA-PSS,23,638,1,39,0.7,3051,0,0,1168,784,1
1,19,21,2048,RSA-PKCS1v15,13,696,1,32,0.9047619047619048,2718,0,0,907,823,1
0,21,27,4096,RSA-PSS,18,702,1,4,0.7777777777777778,4349,0,0,731,393,1
1,14,27,3072,RSA-PSS,2,874,1,1,0.5185185185185185,4418,0,0,26,497,1
1,2,2,2048,RSA-PSS,16,872,1,26,1.0,4181,0,0,1275,392,0
1,10,13,4096,RSA-PSS,13,326,1,33,0.7692307692307693,3962,0,0,1631,713,1
1,6,9,3072,RSA-PSS,9,339,1,17,0.6666666666666666,2319,0,0,1890,674,1
1,3,22,2048,RSA-PKCS1v15,12,464,1,27,0.13636363636363635,240,0,0,712,109,0
1,24,26,2048,RSA-PSS,21,514,1,42,0.9230769230769231,2760,0,1,615,929,1
0,11,12,4096,RSA-PSS,3,494,1,5,0.9166666666666666,2703,0,0,193,470,1
0,5,17,2048,RSA-PKCS1v15,10,557,1,7,0.29411764705882354,2814,1,0,381,350,1
1,13,14,2048,RSA-PKCS1v15,14,487,1,25,0.9285714285714286,851,0,0,1026,775,1
1,11,14,2048,RSA-PSS,14,537,1,8,0.7857142857142857,3593,0,0,1783,722,1
0,23,34,2048,RSA-PKCS1v15,23,649,1,34,0.6764705882352942,4621,0,0,1627,149,1
1,15,20,4096,RSA-PSS,1,673,1,41,0.75,2499,1,0,1069,256,1
1,8,11,3072,RSA-PKCS1v15,10,461,0,4,0.7272727272727273,4924,0,0,939,389,1
1,12,16,3072,RSA-PSS,1,519,1,12,0.75,3544,0,0,3,199,1
0,24,31,4096,RSA-PKCS1v15,22,566,1,31,0.7741935483870968,617,1,0,930,908,1
1,4,6,3072,RSA-PSS,4,952,1,11,0.6666666666666666,4628,1,0,1872,443,1
0,19,19,2048,RSA-PKCS1v15,12,881,1,37,1.0,3970,1,1,1473,849,1
1,3,4,4096,RSA-PSS,0,334,1,44,0.75,4267,0,0,1600,186,0
1,2,4,2048,RSA-PSS,6,597,1,36,0.5,2041,0,0,1159,344,0
1,16,20,2048,RSA-PSS,6,817,1,45,0.8,211,0,0,1315,677,1
1,6,10,3072,RSA-PKCS1v15,9,350,1,22,0.6,1374,0,0,278,108,1
1,13,24,4096,RSA-PKCS1v15,5,606,1,1,0.5416666666666666,761,0,0,176,595,1
1,10,35,4096,RSA-PSS,19,317,1,50,0.2857142857142857,1215,0,0,1952,813,1
1,21,26,4096,RSA-PSS,11,397,0,4,0.8076923076923077,1330,0,0,282,80,1
1,8,21,4096,RSA-PSS,12,989,1,36,0.38095238095238093,3897,0,0,1144,253,1
1,12,21,4096,RSA-PSS,23,366,1,8,0.5714285714285714,1340,0,0,1798,25,1
1,6,10,4096,RSA-PKCS1v15,10,871,0,25,0.6,440,0,0,1198,283,1
1,1,4,1024,RSA-PKCS1v15,17,782,1,28,0.25,2175,0,0,1463,563,0
1,10,20,2048,RSA-PKCS1v15,1,926,1,38,0.5,4693,0,0,459,887,1
1,14,17,3072,RSA-PSS,15,412,1,36,0.8235294117647058,3127,0,0,1654,938,1
1,0,7,3072,RSA-PSS,1,794,1,36,0.0,2284,0,0,951,620,0
1,1,4,2048,RSA-PKCS1v15,18,852,1,43,0.25,3375,0,0,341,967,0
1,24,29,2048,RSA-PKCS1v15,5,264,1,41,0.8275862068965517,1273,0,1,697,238,1
0,5,14,2048,RSA-PKCS1v15,0,531,1,46,0.35714285714285715,2405,0,0,1779,938,1
0,0,3,3072,RSA-PKCS1v15,10,482,1,4,0.0,4246,0,0,726,316,0
1,18,24,4096,RSA-PSS,17,441,1,13,0.75,4309,0,0,121,840,1
1,0,16,4096,RSA-PSS,9,846,1,38,0.0,3743,0,0,575,463,0
1,3,4,4096,RSA-PSS,17,471,1,45,0.75,1675,0,1,1921,698,1
1,13,24,4096,RSA-PKCS1v15,0,688,1,25,0.5416666666666666,870,0,1,1685,592,1
0,13,34,3072,RSA-PSS,18,824,1,3,0.38235294117647056,854,1,0,1517,840,1
1,2,30,2048,RSA-PKCS1v15,15,911,1,32,0.06666666666666667,3052,0,0,276,996,0
1,16,18,2048,RSA-PKCS1v15,6,611,1,39,0.8888888888888888,3350,0,0,969,608,1
0,2,19,3072,RSA-PKCS1v15,14,647,1,1,0.10526315789473684,3499,1,0,987,382,1
1,15,31,2048,RSA-PKCS1v15,0,834,1,11,0.4838709677419355,1948,1,0,29,465,1
1,13,19,3072,RSA-PKCS1v15,22,530,0,2,0.6842105263157895,146,0,0,1835,996,1
1,19,19,3072,RSA-PSS,20,749,1,5,1.0,3242,0,0,1761,150,1
1,12,22,2048,RSA-PSS,8,872,1,22,0.5454545454545454,2230,0,1,685,352,1
1,14,24,4096,RSA-PSS,1,706,1,46,0.5833333333333334,1163,0,0,1268,442,1
1,7,12,3072,RSA-PKCS1v15,16,675,1,13,0.5833333333333334,4184,0,0,321,395,1
1,24,30,2048,RSA-PSS,23,955,1,48,0.8,988,0,0,643,365,1
0,18,31,3072,RSA-PKCS1v15,9,419,1,23,0.5806451612903226,578,1,0,352,6,1
1,5,19,3072,RSA-PSS,5,818,1,47,0.2631578947368421,2920,1,0,532,534,1
1,9,30,2048,RSA-PKCS1v15,4,893,1,31,0.3,2420,1,0,1105,974,1
1,22,33,2048,RSA-PKCS1v15,7,847,1,35,0.6666666666666666,3416,0,0,1317,220,1
1,9,18,3072,RSA-PSS,7,438,1,38,0.5,143,0,0,294,871,1
1,6,28,4096,RSA-PKCS1v15,4,565,1,41,0.21428571428571427,2071,0,0,1521,12,1
1,5,11,3072,RSA-PSS,11,272,1,35,0.45454545454545453,4388,0,0,458,795,0
0,16,33,4096,RSA-PSS,6,701,1,45,0.48484848484848486,2863,0,0,747,385,1
1,17,17,4096,RSA-PSS,12,425,1,13,1.0,3740,0,0,1837,704,1
1,0,6,2048,RSA-PKCS1v15,12,535,1,7,0.0,3502,1,0,733,458,0
1,0,4,3072,RSA-PKCS1v15,16,595,1,5,0.0,136,1,0,1706,225,0
1,9,20,2048,RSA-PKCS1v15,3,981,1,29,0.45,1805,0,0,1582,336,0
1,9,27,2048,RSA-PKCS1v15,17,965,1,8,0.3333333333333333,1859,0,0,1084,167,0
0,8,15,3072,RSA-PSS,9,774,1,8,0.5333333333333333,4323,0,0,1632,316,1
1,6,6,3072,RSA-PKCS1v15,2,266,1,7,1.0,3986,1,0,1805,116,1
1,12,14,2048,RSA-PSS,11,779,1,19,0.8571428571428571,4850,0,0,543,838,1
1,1,11,4096,RSA-PSS,0,877,1,39,0.09090909090909091,2737,1,0,380,950,0
1,5,9,4096,RSA-PKCS1v15,10,388,1,23,0.5555555555555556,3736,0,0,324,921,1
1,26,26,4096,RSA-PKCS1v15,17,895,1,36,1.0,3570,1,0,1652,498,1
1,0,16,2048,RSA-PSS,12,403,1,42,0.0,269,0,0,1086,148,0
1,0,5,4096,RSA-PKCS1v15,16,821,1,32,0.0,1251,1,0,945,36,0
0,4,10,2048,RSA-PSS,7,334,1,45,0.4,1853,0,0,1170,407,1
1,3,3,2048,RSA-PKCS1v15,19,601,1,4,1.0,1522,0,0,843,976,0
0,1,13,4096,RSA-PKCS1v15,18,864,1,30,0.07692307692307693,4204,0,1,362,385,1
0,3,30,3072,RSA-PSS,16,504,1,42,0.1,4287,1,0,53,757,1
0,0,6,3072,RSA-PSS,1,894,1,39,0.0,2226,0,0,402,990,1
1,3,17,3072,RSA-PSS,2,797,1,5,0.17647058823529413,2290,0,0,1587,411,0
1,10,19,1024,RSA-PKCS1v15,2,279,1,3,0.5263157894736842,965,0,0,681,308,1
0,25,35,3072,RSA-PKCS1v15,5,726,1,22,0.7142857142857143,4577,0,0,1893,642,1
0,3,26,2048,RSA-PKCS1v15,9,456,1,28,0.11538461538461539,1118,0,0,993,240,1
1,0,5,3072,RSA-PSS,23,386,1,22,0.0,4784,0,0,869,917,0
0,6,29,2048,RSA-PSS,21,889,1,22,0.20689655172413793,1552,0,0,707,905,1
1,17,20,4096,RSA-PKCS1v15,17,611,1,34,0.85,390,0,0,1473,367,1
0,8,21,3072,RSA-PSS,17,405,1,29,0.38095238095238093,1265,1,1,1107,856,1
1,2,10,3072,RSA-PKCS1v15,13,781,1,43,0.2,2308,0,0,379,304,0
1,4,5,4096,RSA-PSS,15,559,1,42,0.8,2250,1,0,646,617,1
1,2,6,3072,RSA-PKCS1v15,6,796,1,13,0.3333333333333333,1668,0,0,1482,167,0
1,3,26,1024,RSA-PKCS1v15,0,305,1,7,0.11538461538461539,2994,0,0,933,554,0
1,1,4,1024,RSA-PKCS1v15,16,719,1,10,0.25,2658,0,1,1804,967,1
0,26,35,3072,RSA-PSS,22,495,1,28,0.7428571428571429,3968,0,0,81,766,1
1,1,1,2048,RSA-PSS,4,737,1,4,1.0,3381,0,0,731,862,0
1,13,24,3072,RSA-PKCS1v15,0,710,1,32,0.5416666666666666,3439,1,0,514,301,1
0,0,6,2048,RSA-PKCS1v15,20,538,1,22,0.0,1590,1,0,1333,898,1
0,17,31,2048,RSA-PKCS1v15,16,590,1,20,0.5483870967741935,4870,0,0,921,972,1
1,15,20,3072,RSA-PKCS1v15,9,607,1,48,0.75,2942,0,0,763,205,1
1,2,24,4096,RSA-PKCS1v15,11,923,1,20,0.08333333333333333,1596,0,0,494,195,0
1,14,25,3072,RSA-PKCS1v15,19,904,1,6,0.56,2122,1,0,1260,171,1
1,3,21,4096,RSA-PSS,1,582,1,9,0.14285714285714285,3647,0,0,1692,762,0
1,4,30,4096,RSA-PSS,22,591,1,28,0.13333333333333333,4571,0,0,941,616,0
1,16,24,2048,RSA-PSS,15,921,0,13,0.6666666666666666,4993,0,0,1061,875,1
1,6,30,2048,RSA-PSS,14,336,1,31,0.2,2531,0,0,741,402,0
0,15,22,4096,RSA-PKCS1v15,12,342,1,39,0.6818181818181818,3761,0,0,1681,39,1
1,13,28,4096,RSA-PKCS1v15,17,513,1,50,0.4642857142857143,2712,1,0,325,748,1
1,1,7,3072,RSA-PKCS1v15,19,440,1,14,0.14285714285714285,28,1,0,1080,646,0
1,3,35,4096,RSA-PSS,21,947,1,22,0.08571428571428572,2579,1,0,1145,252,0
1,21,28,1024,RSA-PSS,13,953,1,37,0.75,793,0,0,314,682,1
0,10,14,2048,RSA-PKCS1v15,17,378,1,45,0.7142857142857143,1716,0,0,1235,948,1
1,1,10,3072,RSA-PSS,1,351,1,24,0.1,424,0,0,1796,283,0
0,11,16,3072,RSA-PSS,1,860,1,8,0.6875,373,0,0,103,207,1
1,11,16,2048,RSA-PKCS1v15,2,770,1,15,0.6875,2585,0,0,439,500,1
1,29,31,2048,RSA-PKCS1v15,4,698,1,41,0.9354838709677419,1113,0,0,817,143,1
1,3,25,1024,RSA-PKCS1v15,15,769,0,6,0.12,4901,0,0,747,19,1
0,1,13,3072,RSA-PSS,21,626,1,23,0.07692307692307693,1181,0,0,38,702,0
1,1,6,4096,RSA-PKCS1v15,14,560,1,25,0.16666666666666666,1708,0,0,813,576,0
1,4,9,4096,RSA-PKCS1v15,11,612,1,31,0.4444444444444444,452,0,0,1644,742,0
1,6,20,3072,RSA-PKCS1v15,8,403,1,46,0.3,3953,0,0,1438,819,1
1,0,18,3072,RSA-PSS,13,540,1,29,0.0,4755,0,0,1248,687,0
1,12,21,3072,RSA-PSS,20,912,1,23,0.5714285714285714,4614,0,0,1017,825,1
1,3,4,2048,RSA-PKCS1v15,15,517,1,10,0.75,4571,0,0,1317,20,0
1,7,33,2048,RSA-PKCS1v15,10,829,1,9,0.21212121212121213,2422,1,0,1720,788,1
1,23,27,2048,RSA-PSS,5,746,1,49,0.8518518518518519,2599,0,0,155,850,1
1,5,7,4096,RSA-PSS,9,993,0,13,0.7142857142857143,1849,0,0,1056,448,1
1,2,6,4096,RSA-PKCS1v15,7,286,1,32,0.3333333333333333,1513,0,0,1258,226,0
1,4,15,3072,RSA-PSS,15,957,1,49,0.26666666666666666,732,1,0,1931,743,0
0,17,18,3072,RSA-PKCS1v15,2,523,1,45,0.9444444444444444,851,0,1,489,101,1
1,30,32,2048,RSA-PKCS1v15,1,267,1,41,0.9375,2357,0,1,1786,739,1
1,4,11,3072,RSA-PSS,15,446,1,1,0.36363636363636365,2231,0,0,1594,294,0
1,9,20,3072,RSA-PKCS1v15,18,655,1,1,0.45,655,0,0,1357,550,0
1,0,24,3072,RSA-PKCS1v15,8,792,1,37,0.0,33,0,0,1699,65,0
1,9,15,2048,RSA-PSS,15,346,1,40,0.6,3282,0,0,1041,499,1
1,4,7,4096,RSA-PKCS1v15,21,855,1,18,0.5714285714285714,4836,0,0,1438,76,0
0,11,21,3072,RSA-PSS,3,756,1,36,0.5238095238095238,16,0,0,1790,901,1
1,21,26,4096,RSA-PKCS1v15,9,556,1,31,0.8076923076923077,3711,0,1,1682,704,1
1,13,14,4096,RSA-PKCS1v15,18,366,1,1,0.9285714285714286,3242,0,0,1765,635,1
0,6,21,4096,RSA-PSS,12,335,1,47,0.2857142857142857,2935,0,0,240,125,1
0,8,18,2048,RSA-PSS,17,907,1,36,0.4444444444444444,1281,0,0,1310,27,1
1,5,5,2048,RSA-PSS,14,688,1,9,1.0,4271,0,0,346,615,1
0,0,3,2048,RSA-PSS,3,672,1,22,0.0,4533,0,0,1399,276,0
1,11,23,2048,RSA-PSS,8,469,1,28,0.4782608695652174,2202,1,0,16,572,1
0,22,26,3072,RSA-PSS,3,702,1,26,0.8461538461538461,2566,0,0,587,680,1
1,0,24,3072,RSA-PKCS1v15,15,273,0,10,0.0,2964,0,0,950,83,1
1,10,19,3072,RSA-PSS,20,309,1,47,0.5263157894736842,1609,0,0,260,486,1
1,20,25,2048,RSA-PKCS1v15,14,864,1,3,0.8,1676,0,0,1919,463,1
0,14,21,4096,RSA-PSS,23,1001,1,2,0.6666666666666666,4929,0,0,361,6,1
1,1,12,1024,RSA-PKCS1v15,1,495,1,37,0.08333333333333333,1071,0,0,1423,969,0
1,17,33,2048,RSA-PKCS1v15,13,673,1,31,0.5151515151515151,4671,0,0,460,676,1
1,2,4,3072,RSA-PSS,2,741,1,33,0.5,3811,0,0,1947,368,0
1,6,7,4096,RSA-PKCS1v15,21,699,1,32,0.8571428571428571,1173,0,0,1540,471,1
0,10,22,2048,RSA-PKCS1v15,22,821,1,43,0.45454545454545453,3889,0,0,931,714,1
1,17,33,1024,RSA-PKCS1v15,3,854,1,12,0.5151515151515151,1291,0,0,1787,449,1
1,11,17,3072,RSA-PSS,0,1003,1,3,0.6470588235294118,2674,0,0,1109,907,1
1,5,24,2048,RSA-PSS,22,378,1,48,0.20833333333333334,2905,0,1,1087,689,1
0,32,34,2048,RSA-PKCS1v15,8,675,1,26,0.9411764705882353,1218,0,0,100,370,1
1,11,28,3072,RSA-PSS,16,821,1,14,0.39285714285714285,312,0,0,1858,340,0
1,10,22,2048,RSA-PSS,13,471,1,12,0.45454545454545453,765,0,0,755,668,0
1,3,17,2048,RSA-PKCS1v15,16,675,1,26,0.17647058823529413,4269,0,0,295,278,0
1,17,34,3072,RSA-PKCS1v15,0,964,1,16,0.5,1236,0,0,1948,340,1
0,3,6,4096,RSA-PSS,9,806,1,8,0.5,1243,1,0,1186,815,1
1,0,6,4096,RSA-PSS,22,483,1,49,0.0,3527,0,0,929,614,0
1,33,34,2048,RSA-PSS,15,492,1,49,0.9705882352941176,907,1,0,1202,80,1
1,0,1,2048,RSA-PKCS1v15,18,899,1,28,0.0,4888,0,0,1468,706,0
1,7,10,2048,RSA-PSS,23,585,1,7,0.7,3320,0,1,328,793,1
1,21,21,2048,RSA-PSS,2,724,1,15,1.0,4832,0,0,1352,603,1
1,1,5,3072,RSA-PSS,11,935,1,41,0.2,3372,1,0,764,67,0
1,2,2,3072,RSA-PKCS1v15,2,742,1,36,1.0,2429,1,0,1066,215,1
1,5,22,3072,RSA-PKCS1v15,14,804,1,8,0.22727272727272727,2919,1,0,242,416,1
1,1,2,2048,RSA-PKCS1v15,16,834,1,10,0.5,1464,0,0,1366,145,0
0,8,10,2048,RSA-PSS,17,878,1,15,0.8,2337,0,0,1115,552,1
1,20,34,3072,RSA-PSS,6,670,1,18,0.5882352941176471,2373,0,0,1052,724,1
1,15,16,2048,RSA-PKCS1v15,18,474,1,46,0.9375,2022,0,0,459,286,1
1,13,22,3072,RSA-PSS,6,976,1,37,0.5909090909090909,1110,1,0,667,571,1
1,6,12,3072,RSA-PSS,4,636,1,41,0.5,825,0,0,1655,540,1
1,18,24,3072,RSA-PSS,7,342,1,45,0.75,4256,0,0,1409,47,1
1,6,10,3072,RSA-PKCS1v15,20,716,1,43,0.6,1330,0,0,1511,237,1
0,8,35,3072,RSA-PSS,15,666,1,44,0.22857142857142856,4774,0,0,220,117,1
0,21,32,2048,RSA-PSS,15,946,1,35,0.65625,4512,0,0,859,151,1
1,7,7,1024,RSA-PKCS1v15,18,780,1,2,1.0,2344,0,0,264,83,1
0,4,21,3072,RSA-PSS,14,702,1,22,0.19047619047619047,4597,0,0,121,57,1
1,4,20,2048,RSA-PKCS1v15,6,555,1,15,0.2,1042,0,0,1070,729,0
1,9,26,3072,RSA-PSS,4,663,1,37,0.34615384615384615,1165,1,0,1304,984,1
1,4,4,3072,RSA-PKCS1v15,22,892,1,39,1.0,1110,0,0,1139,385,0
0,9,22,4096,RSA-PKCS1v15,10,630,1,36,0.4090909090909091,2795,0,0,1192,220,1
1,10,15,4096,RSA-PSS,9,488,1,5,0.6666666666666666,1006,0,0,435,285,1
0,6,21,1024,RSA-PSS,20,1018,1,48,0.2857142857142857,1445,0,0,1270,754,1
1,9,15,4096,RSA-PKCS1v15,22,893,1,15,0.6,2555,0,0,484,434,1
1,14,22,3072,RSA-PSS,8,1002,1,27,0.6363636363636364,3710,0,0,1399,320,1
1,6,28,3072,RSA-PKCS1v15,0,905,1,16,0.21428571428571427,4994,0,0,280,611,0
1,12,14,1024,RSA-PSS,19,304,0,36,0.8571428571428571,363,0,0,1770,242,1
0,26,27,4096,RSA-PSS,0,441,0,38,0.9629629629629629,2328,0,0,1046,465,1
1,14,28,2048,RSA-PSS,7,460,1,18,0.5,4537,0,1,714,203,1
0,2,26,4096,RSA-PSS,2,333,1,35,0.07692307692307693,748,1,0,68,549,1
1,2,2,1024,RSA-PKCS1v15,1,736,1,25,1.0,2529,0,0,1672,758,0
0,9,25,3072,RSA-PKCS1v15,3,641,1,22,0.36,4613,0,0,743,445,1
1,3,3,2048,RSA-PSS,18,449,1,31,1.0,64,1,0,1082,640,1
1,2,8,2048,RSA-PSS,10,358,1,37,0.25,2094,1,0,1551,135,0
1,5,33,2048,RSA-PSS,4,872,1,34,0.15151515151515152,909,0,0,1288,858,0
1,11,35,2048,RSA-PSS,23,631,1,23,0.3142857142857143,2112,0,0,1706,855,0
1,6,6,2048,RSA-PSS,9,542,1,16,1.0,533,0,0,1447,576,1
0,5,23,3072,RSA-PKCS1v15,23,737,1,6,0.21739130434782608,472,0,0,1022,786,1
1,12,25,3072,RSA-PKCS1v15,22,978,1,15,0.48,4802,0,0,1523,541,0
0,18,19,4096,RSA-PSS,7,505,1,18,0.9473684210526315,1511,0,0,291,487,1
1,2,5,3072,RSA-PKCS1v15,12,456,1,38,0.4,3886,1,1,169,882,1
1,7,11,2048,RSA-PKCS1v15,4,791,1,13,0.6363636363636364,725,0,0,1584,738,1
1,7,12,2048,RSA-PSS,11,716,1,24,0.5833333333333334,3307,0,0,1486,572,1
1,6,10,2048,RSA-PKCS1v15,12,555,1,13,0.6,2789,0,0,1632,486,1
1,3,8,4096,RSA-PKCS1v15,21,733,1,1,0.375,3621,0,0,1863,566,0
1,14,24,4096,RSA-PKCS1v15,7,338,1,48,0.5833333333333334,998,0,0,556,840,1
0,3,28,2048,RSA-PKCS1v15,14,713,1,36,0.10714285714285714,1838,0,0,353,661,1
1,18,21,2048,RSA-PSS,12,946,1,49,0.8571428571428571,221,1,0,1264,405,1
1,4,8,4096,RSA-PKCS1v15,0,553,1,18,0.5,3156,1,0,1827,570,1
1,2,9,4096,RSA-PKCS1v15,21,619,1,48,0.2222222222222222,763,0,0,283,433,0
1,12,15,4096,RSA-PKCS1v15,5,973,1,33,0.8,3760,1,0,1473,548,1
0,7,18,4096,RSA-PSS,10,295,1,38,0.3888888888888889,3699,0,0,1606,657,1
1,15,20,3072,RSA-PKCS1v15,12,880,1,43,0.75,3232,0,0,1789,250,1
1,4,6,2048,RSA-PKCS1v15,20,595,1,6,0.6666666666666666,445,0,0,1090,80,0
0,2,12,3072,RSA-PKCS1v15,19,771,1,17,0.16666666666666666,1911,0,0,1351,949,0
1,0,2,3072,RSA-PSS,0,363,1,4,0.0,4189,0,0,456,15,0
1,3,7,3072,RSA-PSS,10,571,1,14,0.42857142857142855,1245,0,0,959,975,0
1,13,16,3072,RSA-PSS,10,369,1,30,0.8125,788,1,0,1005,40,1
1,0,3,2048,RSA-PSS,7,422,1,46,0.0,4939,0,0,477,81,0
1,0,3,2048,RSA-PSS,21,516,1,20,0.0,3862,0,0,1872,510,0
1,24,27,2048,RSA-PKCS1v15,2,873,1,8,0.8888888888888888,1970,0,0,285,307,1
1,6,33,2048,RSA-PSS,18,479,1,2,0.18181818181818182,4282,0,1,31,705,1
1,14,28,3072,RSA-PKCS1v15,11,517,1,37,0.5,1816,0,0,448,397,1
0,0,1,4096,RSA-PSS,5,506,1,4,0.0,3240,1,1,214,678,1
1,5,8,4096,RSA-PSS,22,781,1,10,0.625,1734,0,0,1717,970,1
1,21,32,2048,RSA-PSS,7,965,1,20,0.65625,195,0,0,1738,865,1
1,0,4,3072,RSA-PKCS1v15,4,381,1,35,0.0,1504,0,1,1604,922,1
1,4,30,1024,RSA-PKCS1v15,9,461,1,48,0.13333333333333333,1989,0,0,1049,204,0
1,3,6,3072,RSA-PKCS1v15,21,395,1,10,0.5,4063,0,0,1784,211,0
0,0,19,2048,RSA-PSS,15,317,1,28,0.0,255,0,0,1397,399,0
1,9,32,2048,RSA-PSS,11,538,1,15,0.28125,4057,0,0,397,373,0
1,7,9,4096,RSA-PSS,16,309,1,36,0.7777777777777778,393,0,0,337,389,1
1,7,12,3072,RSA-PSS,5,601,1,1,0.5833333333333334,294,0,0,936,258,1
1,0,11,1024,RSA-PSS,8,779,1,22,0.0,4004,0,0,968,115,0
1,11,16,2048,RSA-PSS,9,391,1,27,0.6875,309,0,0,855,334,1
1,0,1,3072,RSA-PKCS1v15,19,585,1,29,0.0,910,0,0,903,349,0
1,16,21,2048,RSA-PKCS1v15,13,399,1,15,0.7619047619047619,1469,0,0,672,233,1
0,27,30,4096,RSA-PSS,13,691,1,10,0.9,2931,1,0,1304,509,1
1,9,13,3072,RSA-PKCS1v15,16,537,1,20,0.6923076923076923,2543,0,1,769,449,1
1,13,34,3072,RSA-PKCS1v15,15,391,1,22,0.38235294117647056,815,0,0,623,77,0
1,0,4,3072,RSA-PKCS1v15,3,744,1,50,0.0,2238,0,0,559,828,0
1,3,28,2048,RSA-PSS,1,988,1,48,0.10714285714285714,1931,1,0,1715,608,1
1,24,31,2048,RSA-PSS,15,976,1,9,0.7741935483870968,4982,1,0,548,98,1
1,22,27,2048,RSA-PSS,0,656,1,32,0.8148148148148148,4799,0,0,923,568,1
0,2,5,3072,RSA-PSS,2,704,1,17,0.4,2397,0,0,1222,630,0
1,5,25,2048,RSA-PKCS1v15,22,890,1,42,0.2,2548,0,1,554,462,1
1,2,3,4096,RSA-PSS,10,883,1,19,0.6666666666666666,2006,0,0,479,500,0
1,4,33,2048,RSA-PSS,15,924,1,40,0.12121212121212122,4835,0,0,844,631,0
1,2,4,2048,RSA-PSS,17,525,1,27,0.5,2513,0,0,1626,38,0
0,24,25,2048,RSA-PKCS1v15,14,272,1,37,0.96,114,0,0,1881,697,1
0,17,20,1024,RSA-PKCS1v15,8,524,1,34,0.85,448,0,0,1604,358,1
1,12,34,2048,RSA-PKCS1v15,11,737,1,47,0.35294117647058826,1531,1,0,70,242,1
1,10,26,2048,RSA-PKCS1v15,17,474,1,49,0.38461538461538464,1361,1,0,505,51,1
0,5,5,1024,RSA-PKCS1v15,4,574,1,10,1.0,2708,0,1,110,425,1
1,27,35,3072,RSA-PSS,23,493,1,30,0.7714285714285715,3622,0,0,1406,975,1
1,17,28,3072,RSA-PKCS1v15,7,800,1,21,0.6071428571428571,518,0,0,397,127,1
1,26,29,2048,RSA-PKCS1v15,2,540,1,21,0.896551724137931,4356,0,0,1433,103,1
1,8,9,3072,RSA-PSS,1,292,1,34,0.8888888888888888,4984,0,0,351,966,1
1,3,6,3072,RSA-PSS,18,358,1,9,0.5,1284,0,0,1558,477,0
0,18,19,4096,RSA-PSS,7,978,1,34,0.9473684210526315,2832,0,0,1525,229,1
1,7,11,3072,RSA-PKCS1v15,1,685,1,50,0.6363636363636364,73,0,0,995,723,1
1,2,2,2048,RSA-PSS,18,909,1,12,1.0,3931,0,0,789,436,0
1,8,9,3072,RSA-PKCS1v15,0,494,1,47,0.8888888888888888,4425,0,0,1935,385,1
1,7,21,3072,RSA-PSS,21,996,1,21,0.3333333333333333,869,0,1,1731,85,1
1,19,24,2048,RSA-PKCS1v15,12,900,1,20,0.7916666666666666,2837,1,0,421,359,1
0,27,34,4096,RSA-PKCS1v15,22,380,1,6,0.7941176470588235,1557,0,0,1581,786,1
1,0,22,2048,RSA-PKCS1v15,19,820,1,50,0.0,2086,0,0,922,27,0
1,3,3,4096,RSA-PKCS1v15,16,855,1,45,1.0,446,0,0,111,860,0
1,8,12,3072,RSA-PSS,2,865,1,36,0.6666666666666666,3667,0,0,209,72,1
1,1,28,3072,RSA-PSS,8,862,1,12,0.03571428571428571,772,1,0,1766,95,0
1,15,30,3072,RSA-PKCS1v15,4,443,1,41,0.5,745,0,0,1463,588,1
1,2,26,3072,RSA-PSS,5,511,1,31,0.07692307692307693,3674,1,0,1202,426,0
1,7,21,3072,RSA-PKCS1v15,3,840,1,2,0.3333333333333333,4104,1,0,931,6,1
1,5,28,4096,RSA-PSS,16,785,0,16,0.17857142857142858,4738,1,0,1786,90,1
1,15,26,3072,RSA-PSS,20,931,1,1,0.5769230769230769,1588,0,0,425,592,1
0,23,33,4096,RSA-PKCS1v15,20,647,1,4,0.696969696969697,3739,0,0,328,222,1
1,15,21,4096,RSA-PKCS1v15,20,913,1,47,0.7142857142857143,1086,0,0,1908,595,1
1,29,35,4096,RSA-PSS,15,723,1,1,0.8285714285714286,2290,0,0,11,594,1
0,12,34,3072,RSA-PKCS1v15,15,508,1,47,0.35294117647058826,1840,0,0,1276,152,1
0,4,18,3072,RSA-PSS,21,927,1,35,0.2222222222222222,1908,0,0,856,557,1
0,8,11,2048,RSA-PSS,10,816,1,13,0.7272727272727273,4305,0,0,1259,212,1
0,19,23,3072,RSA-PSS,1,431,1,50,0.8260869565217391,683,1,0,1672,583,1
1,21,22,2048,RSA-PKCS1v15,16,721,1,45,0.9545454545454546,558,0,0,254,263,1
1,17,17,2048,RSA-PKCS1v15,14,832,1,42,1.0,946,0,0,1590,912,1
1,1,5,2048,RSA-PSS,17,544,1,31,0.2,4154,0,0,1502,382,0
1,1,11,4096,RSA-PKCS1v15,9,305,1,20,0.09090909090909091,905,0,0,129,570,0
1,9,30,4096,RSA-PKCS1v15,5,259,1,7,0.3,2579,0,0,1762,57,0
1,6,15,3072,RSA-PSS,20,886,1,40,0.4,2097,0,0,1556,426,0
1,12,27,3072,RSA-PKCS1v15,15,755,1,33,0.4444444444444444,923,0,0,100,623,0
1,11,35,3072,RSA-PKCS1v15,4,931,1,28,0.3142857142857143,1186,0,0,290,142,0
1,12,33,3072,RSA-PSS,11,478,1,50,0.36363636363636365,4781,0,0,1593,568,1
1,17,20,2048,RSA-PKCS1v15,5,923,1,44,0.85,4875,0,0,1250,524,1
1,14,16,2048,RSA-PSS,13,517,1,50,0.875,4316,0,0,1677,861,1
0,10,34,2048,RSA-PKCS1v15,22,940,1,44,0.29411764705882354,3283,0,0,1149,15,1
1,2,2,3072,RSA-PKCS1v15,15,790,0,20,1.0,4252,0,0,1462,8,1
1,34,35,3072,RSA-PSS,6,631,1,32,0.9714285714285714,1532,0,0,1845,231,1
1,6,28,3072,RSA-PSS,1,316,1,9,0.21428571428571427,2812,1,0,1588,186,1
1,4,6,4096,RSA-PKCS1v15,5,611,1,34,0.6666666666666666,3132,1,0,646,53,1
0,9,9,2048,RSA-PSS,8,901,1,14,1.0,4600,0,0,1828,137,1
1,13,20,2048,RSA-PSS,6,279,1,4,0.65,2466,0,0,665,174,1
0,1,1,2048,RSA-PKCS1v15,1,548,1,29,1.0,1659,0,1,1371,860,1
1,5,8,1024,RSA-PSS,18,812,1,15,0.625,2330,1,0,698,219,1
1,12,23,2048,RSA-PKCS1v15,7,946,1,17,0.5217391304347826,2515,0,0,1775,263,1
1,3,3,2048,RSA-PKCS1v15,10,611,1,19,1.0,1153,0,0,183,255,0
0,0,4,3072,RSA-PSS,3,830,0,38,0.0,3782,1,0,351,812,1
1,0,25,2048,RSA-PKCS1v15,15,284,1,9,0.0,55,0,0,1539,270,0
1,2,15,3072,RSA-PSS,17,612,1,27,0.13333333333333333,3324,0,0,1820,587,0
1,10,21,3072,RSA-PKCS1v15,12,620,0,49,0.47619047619047616,4416,0,0,1402,224,1
0,21,35,2048,RSA-PSS,4,863,1,15,0.6,2619,0,1,708,883,1
1,6,14,4096,RSA-PSS,1,664,1,37,0.42857142857142855,4436,1,0,1489,604,1
1,7,12,2048,RSA-PKCS1v15,10,521,1,28,0.5833333333333334,4116,0,0,678,134,1
0,17,17,4096,RSA-PSS,0,546,1,50,1.0,3129,0,0,802,163,1
1,6,9,4096,RSA-PSS,12,822,1,4,0.6666666666666666,1410,0,0,340,710,1
1,27,35,2048,RSA-PSS,4,408,1,21,0.7714285714285715,1601,0,0,1165,701,1
1,11,13,4096,RSA-PKCS1v15,17,474,0,34,0.8461538461538461,17,0,0,111,920,1
1,11,15,4096,RSA-PKCS1v15,13,428,1,19,0.7333333333333333,993,0,0,261,73,1
1,0,18,4096,RSA-PSS,12,863,0,37,0.0,3607,0,1,1920,898,1
1,18,33,3072,RSA-PSS,6,890,0,4,0.5454545454545454,1760,0,0,1212,998,1
1,3,6,2048,RSA-PKCS1v15,7,267,1,37,0.5,3521,0,0,1880,718,0
1,26,27,4096,RSA-PKCS1v15,17,771,1,32,0.9629629629629629,3838,0,0,371,947,1
1,19,23,2048,RSA-PKCS1v15,6,617,1,45,0.8260869565217391,575,0,0,1382,543,1
1,16,27,2048,RSA-PSS,19,834,1,48,0.5925925925925926,2330,0,0,1297,894,1
1,25,34,2048,RSA-PKCS1v15,16,912,1,12,0.7352941176470589,910,0,0,1721,990,1
1,2,14,2048,RSA-PSS,15,732,1,41,0.14285714285714285,2188,0,0,1823,631,0
1,1,8,3072,RSA-PKCS1v15,10,832,1,16,0.125,3602,0,0,604,795,0
1,34,35,3072,RSA-PSS,18,337,1,14,0.9714285714285714,2781,0,0,449,484,1
1,7,19,4096,RSA-PKCS1v15,0,872,1,1,0.3684210526315789,123,0,0,1730,878,0
1,15,30,2048,RSA-PSS,20,948,1,32,0.5,541,0,0,1441,671,1
0,5,14,4096,RSA-PKCS1v15,7,595,1,21,0.35714285714285715,1532,0,0,1896,255,1
0,12,20,4096,RSA-PKCS1v15,0,696,1,4,0.6,3420,0,0,861,757,1
1,22,25,2048,RSA-PSS,8,872,1,9,0.88,1054,0,0,1412,618,1
1,21,24,2048,RSA-PKCS1v15,18,481,1,46,0.875,42,0,0,1362,198,1
1,5,14,4096,RSA-PKCS1v15,20,626,1,22,0.35714285714285715,142,1,0,1335,427,1
0,15,26,3072,RSA-PKCS1v15,8,283,1,12,0.5769230769230769,2977,0,0,1944,493,1
0,15,23,4096,RSA-PKCS1v15,20,271,0,30,0.6521739130434783,1736,0,0,1952,632,1
0,2,22,3072,RSA-PSS,9,532,1,30,0.09090909090909091,35,1,0,1353,82,1
0,12,19,3072,RSA-PSS,23,588,0,32,0.631578947368421,2658,0,0,1071,308,1
0,1,3,1024,RSA-PKCS1v15,22,738,1,36,0.3333333333333333,4650,0,0,656,782,1
1,7,19,3072,RSA-PSS,10,821,1,7,0.3684210526315789,1271,0,0,149,699,0
1,6,9,1024,RSA-PSS,0,543,1,17,0.6666666666666666,2075,1,0,350,788,1
1,22,28,3072,RSA-PSS,19,369,0,1,0.7857142857142857,3355,0,0,323,374,1
1,20,20,4096,RSA-PSS,7,293,1,14,1.0,943,0,0,865,564,1
1,1,7,3072,RSA-PSS,19,709,1,47,0.14285714285714285,1060,0,0,1951,459,0
0,7,14,4096,RSA-PKCS1v15,11,997,1,44,0.5,826,1,0,1144,501,1
0,4,9,3072,RSA-PSS,0,421,1,44,0.4444444444444444,4213,0,0,1005,357,1
1,8,19,3072,RSA-PKCS1v15,9,949,1,38,0.42105263157894735,747,0,0,398,296,0
1,0,14,3072,RSA-PSS,3,460,1,26,0.0,2924,0,0,646,580,0
1,5,17,4096,RSA-PKCS1v15,14,500,1,27,0.29411764705882354,3612,0,0,1221,300,0
1,22,30,3072,RSA-PKCS1v15,18,588,1,45,0.7333333333333333,802,1,0,413,646,1
1,2,9,2048,RSA-PKCS1v15,5,651,1,16,0.2222222222222222,3185,0,0,1463,343,0
1,22,33,4096,RSA-PSS,4,762,0,46,0.6666666666666666,1365,1,0,37,120,1
1,10,25,3072,RSA-PSS,4,376,1,7,0.4,1395,0,0,187,569,0
1,10,14,2048,RSA-PKCS1v15,17,514,1,32,0.7142857142857143,4002,0,0,420,186,1
1,6,11,3072,RSA-PKCS1v15,2,977,1,25,0.5454545454545454,4394,0,0,725,584,1
1,31,35,4096,RSA-PSS,21,665,1,31,0.8857142857142857,1070,0,0,1484,158,1
0,13,14,3072,RSA-PSS,1,565,1,16,0.9285714285714286,1381,0,0,1134,228,1
1,12,30,2048,RSA-PKCS1v15,3,961,1,41,0.4,4148,0,0,187,308,1
1,2,4,4096,RSA-PSS,17,323,1,14,0.5,1159,0,0,471,234,0
1,1,4,4096,RSA-PSS,8,369,1,25,0.25,3212,0,0,1102,11,0
1,22,28,3072,RSA-PSS,18,475,1,30,0.7857142857142857,3363,0,0,1984,175,1
1,0,8,2048,RSA-PSS,9,475,1,7,0.0,2952,0,0,1963,773,0
1,0,2,2048,RSA-PSS,21,728,1,12,0.0,4638,0,1,1398,643,0
1,6,22,3072,RSA-PSS,14,985,1,3,0.2727272727272727,3458,0,0,810,911,0
1,12,16,4096,RSA-PKCS1v15,0,1004,1,27,0.75,3057,0,0,330,898,1
1,11,29,2048,RSA-PKCS1v15,10,641,1,46,0.3793103448275862,2720,0,0,1149,2,1
1,17,30,2048,RSA-PKCS1v15,13,553,1,19,0.5666666666666667,1510,0,1,1340,761,1
1,7,12,2048,RSA-PKCS1v15,9,861,1,43,0.5833333333333334,78,0,0,958,712,1
0,6,35,3072,RSA-PKCS1v15,18,508,1,37,0.17142857142857143,1876,1,1,320,182,1
1,1,11,1024,RSA-PKCS1v15,23,660,1,45,0.09090909090909091,1958,0,0,475,942,0
1,15,21,1024,RSA-PSS,20,747,1,42,0.7142857142857143,3911,0,0,1513,350,1
1,19,21,1024,RSA-PSS,15,612,1,7,0.9047619047619048,3518,0,0,826,639,1
1,2,5,3072,RSA-PKCS1v15,7,683,1,49,0.4,310,0,0,514,382,0
0,5,20,2048,RSA-PKCS1v15,1,470,0,16,0.25,4132,0,0,334,297,1
1,2,3,2048,RSA-PKCS1v15,22,635,1,32,0.6666666666666666,2987,0,0,1095,197,0
1,8,33,4096,RSA-PSS,6,1007,1,8,0.24242424242424243,2610,0,0,465,286,0
1,4,9,2048,RSA-PSS,18,469,1,49,0.4444444444444444,2163,0,0,1400,556,0
0,8,9,2048,RSA-PSS,6,353,1,13,0.8888888888888888,4691,0,0,724,522,1
1,4,4,4096,RSA-PSS,14,783,1,11,1.0,4915,0,0,8,225,0
1,25,35,2048,RSA-PKCS1v15,7,921,1,20,0.7142857142857143,4739,0,0,1720,728,1
1,7,17,3072,RSA-PKCS1v15,13,783,1,18,0.4117647058823529,4028,1,0,164,723,1
0,12,34,2048,RSA-PKCS1v15,0,965,1,37,0.35294117647058826,3092,0,0,1989,286,1
1,16,24,4096,RSA-PKCS1v15,12,875,1,6,0.6666666666666666,4764,0,0,781,729,1
1,22,32,2048,RSA-PSS,2,790,1,20,0.6875,1249,1,0,1319,331,1
0,1,1,4096,RSA-PSS,20,809,1,32,1.0,2943,0,0,358,561,1
1,4,8,2048,RSA-PKCS1v15,5,804,1,46,0.5,2378,0,0,81,163,0
1,21,23,2048,RSA-PSS,18,583,1,44,0.9130434782608695,469,0,0,774,193,1
0,4,12,4096,RSA-PSS,14,420,1,29,0.3333333333333333,4038,1,0,1299,145,1
1,11,12,4096,RSA-PSS,3,371,1,4,0.9166666666666666,2636,0,0,921,671,1
1,0,15,2048,RSA-PSS,20,405,1,7,0.0,3773,0,1,899,838,0
1,8,19,4096,RSA-PKCS1v15,2,773,1,43,0.42105263157894735,2811,1,0,1641,973,1
0,1,26,2048,RSA-PSS,3,287,1,20,0.038461538461538464,4265,0,0,1845,692,1
0,24,29,3072,RSA-PKCS1v15,4,912,1,34,0.8275862068965517,473,0,0,1564,538,1
1,17,22,2048,RSA-PSS,17,548,1,36,0.7727272727272727,1007,0,0,922,612,1
1,8,21,3072,RSA-PSS,9,944,1,7,0.38095238095238093,3016,0,0,1071,901,0
0,5,20,2048,RSA-PKCS1v15,7,432,1,33,0.25,1688,1,0,1416,623,1
0,10,29,2048,RSA-PKCS1v15,11,316,1,15,0.3448275862068966,874,0,0,825,270,1
0,0,4,1024,RSA-PSS,21,844,1,32,0.0,1200,0,0,1591,51,1
1,4,7,2048,RSA-PSS,2,671,1,22,0.5714285714285714,2707,1,0,1018,527,1
1,5,28,4096,RSA-PKCS1v15,17,638,0,40,0.17857142857142858,2384,0,0,1103,128,1
1,5,28,4096,RSA-PSS,22,853,1,29,0.17857142857142858,874,0,0,1537,652,0
0,4,4,4096,RSA-PSS,7,958,1,25,1.0,2586,0,0,680,754,1
1,10,22,2048,RSA-PKCS1v15,0,262,1,5,0.45454545454545453,3925,0,0,1047,46,0
0,1,12,2048,RSA-PSS,13,340,1,14,0.08333333333333333,2936,0,0,1252,234,0
1,3,3,3072,RSA-PSS,21,653,0,50,1.0,4439,1,0,438,448,1
1,2,22,4096,RSA-PSS,22,648,1,35,0.09090909090909091,2407,0,0,1322,584,0
1,2,2,3072,RSA-PSS,12,302,0,2,1.0,2231,1,0,2000,443,1
1,20,24,4096,RSA-PSS,11,596,1,25,0.8333333333333334,1792,0,0,946,503,1
0,34,34,4096,RSA-PKCS1v15,2,753,1,16,1.0,4008,1,0,1284,607,1
0,0,27,4096,RSA-PSS,17,861,1,46,0.0,2813,1,0,776,922,1
1,1,1,2048,RSA-PKCS1v15,20,733,1,16,1.0,4177,0,0,676,285,0
1,2,8,1024,RSA-PKCS1v15,12,681,1,11,0.25,4557,1,0,10,132,0
1,17,23,3072,RSA-PSS,14,681,1,49,0.7391304347826086,2968,0,0,1652,946,1
1,0,6,3072,RSA-PKCS1v15,9,991,1,35,0.0,1788,0,0,158,476,0
1,19,22,2048,RSA-PSS,0,770,1,23,0.8636363636363636,835,0,0,868,793,1
0,23,25,2048,RSA-PKCS1v15,5,384,1,5,0.92,3671,0,0,784,936,1
0,12,18,4096,RSA-PKCS1v15,8,504,1,35,0.6666666666666666,3379,0,0,1182,544,1
1,2,17,3072,RSA-PKCS1v15,9,996,1,29,0.11764705882352941,3105,0,0,320,356,0
0,0,12,2048,RSA-PSS,14,386,1,47,0.0,2167,0,0,1900,971,1
1,3,6,3072,RSA-PKCS1v15,8,995,1,5,0.5,61,0,0,1226,37,0
0,24,26,3072,RSA-PKCS1v15,22,944,1,3,0.9230769230769231,3371,0,0,121,638,1
1,12,27,4096,RSA-PKCS1v15,13,578,1,6,0.4444444444444444,3525,1,1,139,138,1
1,0,8,2048,RSA-PSS,10,798,1,23,0.0,4572,0,0,674,422,0
0,10,19,3072,RSA-PSS,6,321,1,46,0.5263157894736842,3340,0,0,1744,445,1
1,1,1,3072,RSA-PKCS1v15,23,973,1,2,1.0,1684,0,0,1591,612,0
1,24,29,2048,RSA-PKCS1v15,1,356,1,18,0.8275862068965517,2875,1,0,1363,242,1
1,15,35,4096,RSA-PKCS1v15,13,286,1,30,0.42857142857142855,1371,0,0,1284,245,0
0,1,14,2048,RSA-PKCS1v15,5,446,0,38,0.07142857142857142,796,0,1,1457,539,1
1,28,35,2048,RSA-PSS,4,833,1,5,0.8,565,0,0,44,209,1
0,18,20,2048,RSA-PSS,4,670,1,46,0.9,2049,0,0,1183,903,1
1,6,13,2048,RSA-PSS,18,1002,1,49,0.46153846153846156,1772,0,0,816,457,0
1,2,8,2048,RSA-PKCS1v15,18,969,1,11,0.25,2122,0,0,1379,99,0
0,15,20,4096,RSA-PSS,5,755,1,1,0.75,2220,0,0,98,502,1
1,8,33,2048,RSA-PKCS1v15,9,992,1,10,0.24242424242424243,1711,1,0,1562,137,1
1,0,26,4096,RSA-PKCS1v15,22,850,1,41,0.0,2096,0,0,1895,187,0
1,9,21,3072,RSA-PKCS1v15,13,301,1,44,0.42857142857142855,2722,0,0,1734,36,1
1,2,9,2048,RSA-PSS,16,344,1,26,0.2222222222222222,2417,0,0,1633,630,0
1,0,24,2048,RSA-PKCS1v15,2,953,1,33,0.0,2326,0,0,239,670,0
1,1,17,3072,RSA-PSS,0,630,1,27,0.058823529411764705,1620,0,0,475,479,0
0,15,24,3072,RSA-PKCS1v15,9,956,1,50,0.625,4362,0,0,524,787,1
1,11,21,2048,RSA-PSS,2,501,1,12,0.5238095238095238,4715,0,0,557,681,1
1,7,13,2048,RSA-PKCS1v15,4,813,1,2,0.5384615384615384,1137,0,0,1416,55,1
1,6,11,4096,RSA-PSS,18,512,0,1,0.5454545454545454,914,0,0,9,471,1
1,17,19,1024,RSA-PKCS1v15,9,607,1,1,0.8947368421052632,173,0,0,1537,84,1
1,1,11,4096,RSA-PSS,15,828,1,33,0.09090909090909091,1146,0,1,1413,6,0
1,8,13,3072,RSA-PKCS1v15,0,360,1,22,0.6153846153846154,4720,0,0,1863,891,1
1,0,1,2048,RSA-PKCS1v15,5,592,1,12,0.0,2035,0,0,1234,363,0
1,12,19,2048,RSA-PKCS1v15,8,781,1,39,0.631578947368421,115,0,0,1078,856,1
1,5,12,1024,RSA-PSS,4,556,1,36,0.4166666666666667,4804,0,0,616,768,1
1,4,8,4096,RSA-PKCS1v15,13,332,1,21,0.5,4469,0,0,152,918,0
1,5,8,2048,RSA-PKCS1v15,9,766,1,20,0.625,3102,0,0,410,710,1
0,8,12,2048,RSA-PKCS1v15,1,485,1,36,0.6666666666666666,2031,0,0,10,664,1
1,30,33,3072,RSA-PSS,4,934,1,26,0.9090909090909091,1162,0,0,957,830,1
1,9,26,2048,RSA-PKCS1v15,0,833,0,47,0.34615384615384615,708,0,0,552,170,1
0,9,28,3072,RSA-PKCS1v15,9,287,1,31,0.32142857142857145,3877,0,0,556,760,1
0,5,5,4096,RSA-PSS,21,863,1,1,1.0,3280,0,0,880,249,1
1,8,8,3072,RSA-PKCS1v15,8,313,1,38,1.0,756,0,0,268,662,1
1,19,25,4096,RSA-PSS,2,359,1,14,0.76,970,1,0,1014,210,1
1,17,27,4096,RSA-PKCS1v15,14,567,1,26,0.6296296296296297,3501,0,0,1814,912,1
1,23,23,2048,RSA-PSS,3,901,0,46,1.0,3307,0,0,667,740,1
0,19,30,2048,RSA-PSS,12,984,1,42,0.6333333333333333,2987,0,0,451,244,1
0,8,23,2048,RSA-PSS,5,322,0,7,0.34782608695652173,218,0,0,594,141,1
1,14,20,3072,RSA-PKCS1v15,19,945,1,12,0.7,3326,0,0,1221,632,1
1,3,18,2048,RSA-PKCS1v15,16,629,1,24,0.16666666666666666,1901,0,0,398,805,0
1,7,18,4096,RSA-PSS,22,1014,0,19,0.3888888888888889,1186,1,0,921,180,1
0,0,2,3072,RSA-PKCS1v15,4,490,1,9,0.0,3516,0,0,1076,920,0
1,4,4,2048,RSA-PKCS1v15,14,898,1,35,1.0,2049,0,0,1759,637,0
1,8,30,3072,RSA-PSS,7,367,1,4,0.26666666666666666,3299,0,0,1493,979,0
1,25,33,2048,RSA-PSS,4,644,1,45,0.7575757575757576,1462,1,0,1392,754,1
1,3,18,4096,RSA-PSS,23,663,1,42,0.16666666666666666,4771,0,0,1398,724,0
1,16,19,3072,RSA-PSS,12,309,0,32,0.8421052631578947,3870,0,0,1083,987,1
1,15,28,1024,RSA-PKCS1v15,0,494,0,46,0.5357142857142857,1627,0,0,294,17,1
0,14,20,2048,RSA-PKCS1v15,0,1007,1,6,0.7,444,0,0,788,16,1
0,4,33,4096,RSA-PKCS1v15,6,550,1,28,0.12121212121212122,2337,0,0,1870,385,1
1,6,12,3072,RSA-PKCS1v15,21,367,1,28,0.5,1656,0,0,1812,341,1
1,4,15,4096,RSA-PKCS1v15,4,343,1,40,0.26666666666666666,3173,0,1,952,893,1
1,2,2,2048,RSA-PKCS1v15,13,995,1,29,1.0,4772,0,0,869,987,0
1,17,29,2048,RSA-PSS,14,731,1,42,0.5862068965517241,1450,1,0,110,769,1
1,1,10,2048,RSA-PKCS1v15,20,559,1,5,0.1,4453,1,0,1566,798,0
1,0,2,3072,RSA-PKCS1v15,16,560,1,5,0.0,4870,0,0,107,980,0
1,3,11,2048,RSA-PKCS1v15,23,545,0,37,0.2727272727272727,943,0,0,1013,792,1
0,9,13,2048,RSA-PSS,17,463,1,41,0.6923076923076923,4288,0,1,297,46,1
0,9,10,3072,RSA-PSS,6,837,1,28,0.9,2565,0,0,1876,504,1
1,12,14,3072,RSA-PKCS1v15,21,625,1,41,0.8571428571428571,1156,0,0,839,770,1
1,8,18,2048,RSA-PSS,17,475,1,47,0.4444444444444444,4006,0,0,1855,143,0
0,7,9,3072,RSA-PSS,18,486,1,9,0.7777777777777778,390,0,0,1989,285,1
1,2,28,3072,RSA-PKCS1v15,19,604,1,29,0.07142857142857142,834,0,1,1119,355,1
0,3,3,2048,RSA-PKCS1v15,6,510,1,14,1.0,1548,0,1,1821,830,1
1,13,20,2048,RSA-PKCS1v15,7,707,1,38,0.65,3385,0,0,1743,525,1
1,0,6,2048,RSA-PSS,12,397,1,40,0.0,1647,0,0,985,979,0
1,20,27,3072,RSA-PSS,17,324,1,34,0.7407407407407407,4297,0,0,845,833,1
0,2,2,4096,RSA-PKCS1v15,23,344,1,37,1.0,534,1,0,1708,557,1
1,2,29,2048,RSA-PSS,10,391,1,49,0.06896551724137931,3117,0,0,1496,47,0
1,0,3,2048,RSA-PSS,8,910,1,42,0.0,1103,0,0,79,528,0
0,9,16,4096,RSA-PSS,22,954,1,14,0.5625,114,0,0,1274,894,1
0,12,30,4096,RSA-PKCS1v15,0,778,0,18,0.4,1749,0,0,730,107,1
1,0,2,3072,RSA-PKCS1v15,21,915,1,33,0.0,2370,0,0,339,3,0
1,11,17,4096,RSA-PKCS1v15,7,697,1,34,0.6470588235294118,3136,0,0,57,616,1
1,4,12,3072,RSA-PKCS1v15,20,293,1,28,0.3333333333333333,1686,0,0,920,966,0
1,9,35,3072,RSA-PKCS1v15,11,463,1,36,0.2571428571428571,2364,1,0,147,95,1
1,1,1,2048,RSA-PSS,1,465,1,45,1.0,4926,1,0,746,133,1
0,7,15,2048,RSA-PSS,14,768,1,48,0.4666666666666667,4141,0,0,1041,922,1
0,8,26,2048,RSA-PSS,20,615,1,37,0.3076923076923077,2944,0,0,368,860,1
1,19,21,4096,RSA-PSS,23,832,1,23,0.9047619047619048,1882,0,0,709,783,1
1,6,31,4096,RSA-PSS,17,256,1,42,0.1935483870967742,1052,0,1,1213,201,1
1,1,25,3072,RSA-PSS,16,1010,1,17,0.04,3444,0,0,1668,254,0
1,21,23,2048,RSA-PKCS1v15,14,636,1,11,0.9130434782608695,1451,0,0,248,183,1
1,23,24,2048,RSA-PKCS1v15,19,792,1,32,0.9583333333333334,1855,0,0,150,150,1
1,27,28,2048,RSA-PSS,19,649,1,37,0.9642857142857143,3511,0,0,714,549,1
1,6,21,2048,RSA-PKCS1v15,8,305,1,15,0.2857142857142857,1551,0,0,1237,981,0
1,7,18,3072,RSA-PSS,2,651,1,4,0.3888888888888889,476,0,1,217,490,1
0,20,35,4096,RSA-PSS,19,1008,1,39,0.5714285714285714,2954,0,0,1030,505,1
1,6,9,1024,RSA-PKCS1v15,18,287,0,30,0.6666666666666666,4304,0,0,670,413,1
0,28,30,1024,RSA-PKCS1v15,17,800,1,10,0.9333333333333333,1601,0,0,861,922,1
1,13,34,3072,RSA-PSS,19,967,0,23,0.38235294117647056,2825,0,0,1611,838,1
1,25,32,2048,RSA-PKCS1v15,7,489,1,24,0.78125,4082,0,0,1419,508,1
1,2,3,4096,RSA-PSS,0,281,1,36,0.6666666666666666,3582,0,0,1787,651,0
1,0,3,2048,RSA-PSS,23,809,1,5,0.0,4346,0,0,304,612,0
0,22,28,2048,RSA-PSS,23,689,1,37,0.7857142857142857,1203,0,0,1582,404,1
1,14,15,2048,RSA-PSS,14,316,0,43,0.9333333333333333,303,0,0,1435,236,1
1,17,23,2048,RSA-PSS,18,808,1,19,0.7391304347826086,931,0,0,403,596,1
1,3,11,3072,RSA-PKCS1v15,9,696,1,37,0.2727272727272727,1348,0,0,1878,859,0
1,16,32,2048,RSA-PSS,11,385,1,8,0.5,3208,0,0,860,966,1
1,1,33,2048,RSA-PKCS1v15,5,609,1,7,0.030303030303030304,4573,0,0,1851,545,0
1,24,24,3072,RSA-PSS,12,453,1,40,1.0,2424,0,0,380,633,1
1,12,34,1024,RSA-PKCS1v15,3,918,1,13,0.35294117647058826,4863,0,0,452,542,1
0,25,28,1024,RSA-PSS,12,971,1,37,0.8928571428571429,3485,0,0,1253,434,1
1,6,7,3072,RSA-PKCS1v15,16,949,1,27,0.8571428571428571,1551,0,0,694,546,1
1,3,4,3072,RSA-PSS,0,626,1,18,0.75,2508,1,0,1529,645,1
1,1,1,4096,RSA-PSS,4,974,0,24,1.0,917,0,0,1619,208,1
1,0,1,2048,RSA-PKCS1v15,23,402,1,41,0.0,2503,0,0,145,140,0
1,5,20,2048,RSA-PKCS1v15,16,971,1,2,0.25,2137,0,0,50,588,0
1,2,19,2048,RSA-PKCS1v15,17,753,0,16,0.10526315789473684,3098,0,0,1448,587,0
1,25,29,2048,RSA-PKCS1v15,6,303,1,14,0.8620689655172413,4657,0,1,1124,820,1
1,2,10,3072,RSA-PKCS1v15,15,906,1,17,0.2,4000,0,0,343,307,0
1,17,18,4096,RSA-PKCS1v15,7,427,1,6,0.9444444444444444,3761,0,0,882,917,1
0,10,28,3072,RSA-PSS,11,868,1,35,0.35714285714285715,2107,1,0,1756,967,1
1,19,35,2048,RSA-PSS,13,954,0,17,0.5428571428571428,3184,0,1,1675,570,1
1,31,31,3072,RSA-PSS,18,570,1,45,1.0,397,0,0,890,98,1
1,4,27,4096,RSA-PKCS1v15,10,631,1,38,0.14814814814814814,308,0,0,1550,125,0
0,2,11,2048,RSA-PKCS1v15,11,788,1,40,0.18181818181818182,4444,0,0,1037,960,1
1,5,5,3072,RSA-PKCS1v15,12,675,1,6,1.0,3470,0,0,1880,349,1
0,2,8,4096,RSA-PSS,7,651,1,48,0.25,4071,0,0,762,134,1
0,15,34,3072,RSA-PKCS1v15,0,777,1,38,0.4411764705882353,483,0,0,848,996,1
0,7,12,3072,RSA-PSS,8,442,1,49,0.5833333333333334,4721,0,0,924,226,1
1,0,1,2048,RSA-PKCS1v15,1,900,1,21,0.0,4897,0,0,1196,945,0
0,3,31,2048,RSA-PKCS1v15,13,288,1,35,0.0967741935483871,3223,0,0,1513,712,1
1,0,4,2048,RSA-PKCS1v15,12,324,1,23,0.0,4118,0,1,1855,549,0
0,3,5,3072,RSA-PSS,15,847,1,12,0.6,458,0,0,1383,650,1
1,22,30,2048,RSA-PKCS1v15,1,446,1,29,0.7333333333333333,2231,0,0,1130,720,1
1,2,24,4096,RSA-PSS,3,356,1,27,0.08333333333333333,1992,0,1,189,706,1
1,2,3,4096,RSA-PKCS1v15,11,740,1,6,0.6666666666666666,3621,0,0,1553,568,0
1,0,11,3072,RSA-PKCS1v15,15,540,1,21,0.0,2652,0,0,1074,339,0
1,2,4,2048,RSA-PKCS1v15,9,988,1,7,0.5,1930,1,0,1273,839,1
1,5,26,1024,RSA-PKCS1v15,2,645,1,43,0.19230769230769232,2326,0,0,410,322,1
1,3,27,4096,RSA-PSS,3,820,1,41,0.1111111111111111,1284,0,0,1415,813,0
0,6,27,3072,RSA-PKCS1v15,5,415,1,16,0.2222222222222222,4878,0,0,1403,87,1
1,5,6,3072,RSA-PSS,22,809,0,5,0.8333333333333334,1625,0,0,227,95,1
0,2,15,2048,RSA-PKCS1v15,4,302,1,15,0.13333333333333333,4993,0,0,1615,196,0
1,16,30,3072,RSA-PKCS1v15,17,414,1,21,0.5333333333333333,3628,0,0,1808,192,1
1,24,35,3072,RSA-PKCS1v15,2,701,1,4,0.6857142857142857,2316,0,0,213,656,1
1,15,23,3072,RSA-PSS,9,951,1,5,0.6521739130434783,269,0,0,1553,522,1
1,6,6,3072,RSA-PKCS1v15,10,1013,1,7,1.0,3216,0,1,1005,753,1
1,2,4,4096,RSA-PSS,18,778,1,35,0.5,1522,0,1,1370,661,1
1,7,18,2048,RSA-PSS,13,921,1,36,0.3888888888888889,4748,0,0,419,988,0
1,1,9,2048,RSA-PKCS1v15,20,987,1,15,0.1111111111111111,2138,0,1,1787,652,0
1,27,29,3072,RSA-PSS,10,410,1,28,0.9310344827586207,3448,0,0,1876,13,1
1,3,13,2048,RSA-PKCS1v15,20,594,1,2,0.23076923076923078,2186,0,0,1108,254,0
0,9,17,4096,RSA-PSS,3,620,1,5,0.5294117647058824,4517,0,0,919,1000,1
1,16,32,3072,RSA-PSS,23,954,1,7,0.5,3518,0,0,1221,81,1
1,12,22,4096,RSA-PSS,21,829,0,22,0.5454545454545454,4720,0,0,777,722,1
1,4,4,3072,RSA-PSS,5,403,1,49,1.0,3090,0,0,1554,373,0
1,2,5,2048,RSA-PKCS1v15,16,399,1,31,0.4,241,0,0,221,394,0
0,9,13,2048,RSA-PSS,21,358,1,32,0.6923076923076923,739,0,0,1867,890,1
0,33,34,4096,RSA-PKCS1v15,18,348,1,8,0.9705882352941176,3022,0,0,1771,732,1
1,3,22,2048,RSA-PSS,12,541,1,41,0.13636363636363635,2939,0,0,176,909,0
1,5,23,3072,RSA-PKCS1v15,21,679,1,42,0.21739130434782608,327,0,0,584,418,1
1,3,3,4096,RSA-PKCS1v15,9,374,1,11,1.0,1540,0,0,1627,59,0
1,17,34,2048,RSA-PSS,10,284,1,1,0.5,1120,0,0,1346,128,1
1,22,32,2048,RSA-PSS,5,766,1,47,0.6875,725,0,0,535,817,1
1,5,21,3072,RSA-PKCS1v15,1,285,0,40,0.23809523809523808,1351,0,0,725,774,1
1,16,21,4096,RSA-PSS,0,621,1,19,0.7619047619047619,3414,0,0,1418,780,1
1,7,11,2048,RSA-PSS,10,393,0,44,0.6363636363636364,3322,1,0,1830,541,1
1,2,4,4096,RSA-PSS,15,730,1,38,0.5,3130,0,1,1664,333,1
1,1,1,3072,RSA-PSS,2,818,1,42,1.0,3097,0,0,1595,892,0
1,18,28,4096,RSA-PSS,4,647,1,37,0.6428571428571429,211,0,0,324,282,1
1,1,24,2048,RSA-PSS,14,690,0,7,0.041666666666666664,2150,0,0,85,580,1
1,27,35,2048,RSA-PSS,14,489,1,39,0.7714285714285715,1682,0,0,1020,207,1
1,2,13,4096,RSA-PSS,3,310,1,25,0.15384615384615385,1066,0,0,1765,272,0
1,10,34,4096,RSA-PSS,22,547,1,22,0.29411764705882354,3681,0,0,887,309,0
1,5,11,2048,RSA-PKCS1v15,3,1007,1,27,0.45454545454545453,428,0,0,1451,403,0
1,13,17,3072,RSA-PSS,7,567,1,41,0.7647058823529411,2608,1,0,1292,175,1
1,25,35,4096,RSA-PSS,6,803,1,47,0.7142857142857143,635,0,0,112,218,1
1,15,18,1024,RSA-PSS,16,344,0,38,0.8333333333333334,4950,0,0,628,672,1
1,20,22,3072,RSA-PSS,14,467,0,48,0.9090909090909091,3840,0,0,949,326,1
1,21,24,4096,RSA-PSS,4,573,1,39,0.875,1888,0,0,750,756,1
0,6,19,2048,RSA-PKCS1v15,12,1012,1,15,0.3157894736842105,1954,0,0,1422,253,1
1,7,21,2048,RSA-PKCS1v15,3,720,1,2,0.3333333333333333,2939,0,0,52,454,0
1,2,8,4096,RSA-PSS,21,342,1,8,0.25,2777,0,0,84,189,0
0,19,28,2048,RSA-PKCS1v15,16,664,1,44,0.6785714285714286,3393,0,0,1647,773,1
0,5,5,1024,RSA-PSS,21,495,1,43,1.0,3550,0,0,712,443,1
1,6,17,4096,RSA-PSS,16,955,1,6,0.35294117647058826,403,0,1,731,898,1
1,8,19,3072,RSA-PKCS1v15,13,312,1,20,0.42105263157894735,2866,0,0,741,130,0
1,12,27,4096,RSA-PKCS1v15,13,368,1,27,0.4444444444444444,2929,0,1,829,485,1
1,0,34,4096,RSA-PKCS1v15,16,990,0,45,0.0,2628,0,0,425,3,1
1,7,11,2048,RSA-PKCS1v15,7,325,0,23,0.6363636363636364,641,0,0,1045,966,1
1,7,12,2048,RSA-PKCS1v15,1,994,1,48,0.5833333333333334,2866,0,0,1712,351,1
1,21,21,2048,RSA-PSS,12,1023,0,40,1.0,331,0,0,56,555,1
1,3,11,2048,RSA-PSS,21,947,1,17,0.2727272727272727,3516,0,0,1315,133,0
1,2,28,3072,RSA-PSS,15,439,1,13,0.07142857142857142,4679,0,0,812,690,0
0,2,5,3072,RSA-PKCS1v15,15,958,1,4,0.4,1703,0,0,807,494,0
1,2,17,3072,RSA-PSS,5,999,1,20,0.11764705882352941,1073,0,0,1009,266,0
1,12,20,2048,RSA-PKCS1v15,21,531,1,42,0.6,3121,0,1,655,923,1
0,7,12,2048,RSA-PSS,23,488,1,25,0.5833333333333334,1486,0,0,1007,24,1
1,6,6,3072,RSA-PKCS1v15,3,309,1,22,1.0,2927,0,0,908,534,1
1,0,17,3072,RSA-PKCS1v15,2,512,1,48,0.0,3271,0,0,1397,857,0
1,15,19,2048,RSA-PSS,5,345,1,17,0.7894736842105263,2803,0,0,1762,3,1
1,5,26,3072,RSA-PSS,3,993,1,40,0.19230769230769232,3096,0,0,8,912,1
1,6,32,2048,RSA-PSS,17,1014,1,11,0.1875,3821,0,0,124,670,0
1,3,6,2048,RSA-PSS,5,918,1,25,0.5,3980,0,0,1782,880,0
1,6,11,3072,RSA-PKCS1v15,4,690,0,5,0.5454545454545454,3361,0,0,1125,427,1
0,10,33,1024,RSA-PSS,8,880,1,21,0.30303030303030304,968,0,0,990,4,1
1,9,24,3072,RSA-PKCS1v15,10,663,1,26,0.375,4153,0,0,835,619,0
1,20,23,2048,RSA-PSS,5,524,1,16,0.8695652173913043,1592,1,0,1886,808,1
0,0,15,1024,RSA-PSS,15,924,1,40,0.0,3186,0,1,1117,784,1
1,17,27,2048,RSA-PSS,18,621,1,21,0.6296296296296297,2426,0,0,1409,503,1
1,3,11,4096,RSA-PSS,10,606,1,48,0.2727272727272727,469,0,0,766,232,0
1,4,17,3072,RSA-PSS,20,554,1,32,0.23529411764705882,2304,0,0,1104,873,0
1,8,14,4096,RSA-PKCS1v15,14,414,1,4,0.5714285714285714,2321,0,1,1322,750,1
1,26,27,3072,RSA-PSS,23,742,1,38,0.9629629629629629,1239,0,1,31,72,1
1,16,18,3072,RSA-PKCS1v15,8,992,0,8,0.8888888888888888,1540,0,0,378,88,1
1,2,28,2048,RSA-PSS,23,781,1,9,0.07142857142857142,4635,0,0,330,528,0
1,4,4,2048,RSA-PKCS1v15,18,610,1,45,1.0,1397,0,0,1950,886,0
0,7,7,2048,RSA-PSS,18,876,1,17,1.0,2807,0,0,1323,603,1
1,31,35,2048,RSA-PSS,23,656,1,41,0.8857142857142857,1373,1,0,282,450,1
1,2,9,3072,RSA-PSS,8,660,1,13,0.2222222222222222,4512,0,0,1036,439,0
1,3,8,2048,RSA-PKCS1v15,22,351,1,9,0.375,462,0,0,639,532,0
1,14,17,2048,RSA-PKCS1v15,3,962,1,6,0.8235294117647058,3914,1,0,872,435,1
1,2,17,2048,RSA-PSS,9,825,1,27,0.11764705882352941,4919,1,0,699,724,0
0,13,33,2048,RSA-PSS,8,647,1,42,0.3939393939393939,587,0,0,69,84,1
1,30,32,3072,RSA-PSS,18,607,1,37,0.9375,3929,0,0,841,339,1
1,0,8,4096,RSA-PKCS1v15,14,921,1,39,0.0,3022,0,0,1547,953,0
1,19,19,2048,RSA-PSS,18,831,0,43,1.0,3274,0,0,1839,126,1
1,2,3,2048,RSA-PKCS1v15,1,925,1,24,0.6666666666666666,1941,0,0,23,563,0
1,1,5,2048,RSA-PSS,9,888,1,9,0.2,4252,0,0,337,18,0
1,1,13,4096,RSA-PKCS1v15,18,543,1,42,0.07692307692307693,4511,0,0,427,973,0
1,21,31,1024,RSA-PKCS1v15,16,778,1,11,0.6774193548387096,192,0,0,845,849,1
1,13,16,3072,RSA-PKCS1v15,19,981,1,35,0.8125,3187,0,0,209,955,1
1,14,32,3072,RSA-PSS,23,417,0,29,0.4375,245,0,0,215,865,1
1,14,22,2048,RSA-PKCS1v15,20,872,1,8,0.6363636363636364,647,0,0,635,629,1
0,5,29,2048,RSA-PSS,1,914,1,17,0.1724137931034483,3015,0,0,423,636,1
1,14,22,2048,RSA-PKCS1v15,18,437,1,7,0.6363636363636364,4284,0,0,73,540,1
1,1,3,4096,RSA-PSS,16,804,1,12,0.3333333333333333,2489,0,0,1746,965,0
1,3,10,3072,RSA-PKCS1v15,17,337,1,48,0.3,3482,1,0,823,924,0
1,7,21,3072,RSA-PKCS1v15,16,779,1,15,0.3333333333333333,534,0,0,786,345,0
0,14,16,3072,RSA-PSS,1,259,0,29,0.875,2800,1,0,1630,468,1
1,2,12,3072,RSA-PSS,18,750,1,45,0.16666666666666666,2380,0,0,938,981,0
1,1,2,3072,RSA-PKCS1v15,0,810,0,50,0.5,1294,1,0,1772,141,1
1,14,24,1024,RSA-PKCS1v15,10,306,1,50,0.5833333333333334,1645,0,0,1690,6,1
1,12,35,2048,RSA-PSS,9,516,1,24,0.34285714285714286,1733,0,0,1298,669,0
1,8,30,2048,RSA-PKCS1v15,4,389,1,37,0.26666666666666666,2456,0,0,1749,618,1
0,1,30,3072,RSA-PKCS1v15,15,854,1,14,0.03333333333333333,4442,0,0,1664,631,1
1,23,35,2048,RSA-PSS,23,617,1,11,0.6571428571428571,4224,0,0,1257,649,1
1,7,19,3072,RSA-PSS,4,823,1,35,0.3684210526315789,1591,0,0,1065,541,0
0,3,8,2048,RSA-PSS,23,472,1,17,0.375,2470,0,0,1962,678,0
1,16,26,4096,RSA-PKCS1v15,22,323,1,27,0.6153846153846154,589,1,0,289,65,1
1,4,7,2048,RSA-PKCS1v15,11,811,1,44,0.5714285714285714,3951,0,0,555,56,0
1,0,30,2048,RSA-PKCS1v15,3,398,1,3,0.0,205,0,0,1294,798,0
1,1,7,4096,RSA-PSS,22,601,1,2,0.14285714285714285,342,0,0,439,882,0
1,1,3,2048,RSA-PKCS1v15,5,809,0,4,0.3333333333333333,3101,0,0,1338,96,0
1,0,1,4096,RSA-PSS,18,906,1,18,0.0,4728,0,0,1534,889,0
1,11,25,1024,RSA-PSS,8,840,1,20,0.44,667,0,0,1418,955,1
1,1,1,2048,RSA-PKCS1v15,11,449,1,21,1.0,713,0,0,28,215,0
1,8,15,3072,RSA-PSS,14,922,1,14,0.5333333333333333,4988,0,0,270,743,1
1,12,13,4096,RSA-PKCS1v15,15,501,1,8,0.9230769230769231,1459,0,0,1491,58,1
1,1,8,2048,RSA-PSS,12,569,1,2,0.125,1262,0,0,1946,906,0
1,1,5,4096,RSA-PSS,20,985,1,26,0.2,533,0,0,74,492,0
1,5,9,3072,RSA-PSS,23,639,1,19,0.5555555555555556,2274,0,0,1681,405,1
0,0,1,4096,RSA-PKCS1v15,6,1020,1,42,0.0,2432,0,0,674,184,1
1,28,35,2048,RSA-PSS,22,532,1,28,0.8,45,1,0,246,282,1
0,2,2,2048,RSA-PKCS1v15,19,327,1,29,1.0,785,0,0,1806,783,1
1,5,23,4096,RSA-PSS,3,384,0,5,0.21739130434782608,37,0,0,410,721,1
1,7,9,4096,RSA-PSS,10,613,1,43,0.7777777777777778,95,0,0,498,163,1
0,26,34,3072,RSA-PSS,7,953,1,28,0.7647058823529411,2245,0,0,1442,89,1
1,5,14,1024,RSA-PKCS1v15,5,780,1,41,0.35714285714285715,2362,0,0,1012,783,1
0,1,4,2048,RSA-PKCS1v15,9,475,1,48,0.25,3503,0,0,211,97,1
1,16,30,3072,RSA-PKCS1v15,6,261,1,26,0.5333333333333333,4291,0,0,792,587,1
1,4,31,1024,RSA-PKCS1v15,6,1006,1,5,0.12903225806451613,4663,0,0,1247,88,0
1,8,11,2048,RSA-PKCS1v15,3,879,1,15,0.7272727272727273,2566,1,0,360,518,1
1,29,35,2048,RSA-PSS,2,483,1,46,0.8285714285714286,4322,0,0,582,668,1
0,3,8,3072,RSA-PSS,23,272,1,9,0.375,266,0,0,1044,63,0
1,0,3,2048,RSA-PKCS1v15,6,840,1,32,0.0,3816,0,0,423,541,0
0,12,14,3072,RSA-PKCS1v15,3,267,1,26,0.8571428571428571,1457,0,0,121,816,1
1,4,13,3072,RSA-PKCS1v15,12,853,1,37,0.3076923076923077,4429,0,0,173,191,0
0,21,32,3072,RSA-PKCS1v15,19,754,1,15,0.65625,2254,0,0,34,954,1
1,34,34,2048,RSA-PSS,16,947,1,41,1.0,4609,0,0,918,917,1
1,4,19,2048,RSA-PKCS1v15,6,889,1,4,0.21052631578947367,3353,0,0,71,716,0
1,15,16,3072,RSA-PKCS1v15,16,971,1,36,0.9375,703,0,0,545,278,1
1,1,2,4096,RSA-PKCS1v15,3,757,0,20,0.5,2075,0,0,774,539,1
1,16,17,3072,RSA-PKCS1v15,10,325,1,27,0.9411764705882353,3610,0,0,784,85,1
0,16,34,4096,RSA-PSS,2,363,1,21,0.47058823529411764,4230,0,0,968,335,1
0,15,16,3072,RSA-PSS,10,456,1,22,0.9375,492,0,0,1645,441,1
1,1,2,4096,RSA-PKCS1v15,2,307,1,7,0.5,3675,0,0,535,722,0
1,2,2,2048,RSA-PSS,11,804,1,47,1.0,3085,1,0,1682,650,1
1,1,26,2048,RSA-PSS,0,884,1,31,0.038461538461538464,2684,0,0,14,790,0
0,3,13,3072,RSA-PKCS1v15,3,514,1,17,0.23076923076923078,2408,0,1,1330,172,1
1,20,31,2048,RSA-PKCS1v15,13,737,1,50,0.6451612903225806,360,0,1,1853,852,1
0,33,34,3072,RSA-PSS,0,519,1,7,0.9705882352941176,658,0,0,1572,339,1
1,1,3,2048,RSA-PSS,13,558,1,19,0.3333333333333333,3880,0,0,271,668,0
1,5,8,3072,RSA-PSS,12,831,1,28,0.625,237,0,0,1797,229,1
0,16,23,3072,RSA-PSS,12,809,1,10,0.6956521739130435,2073,0,1,1077,818,1
1,6,14,3072,RSA-PSS,23,810,1,27,0.42857142857142855,434,0,0,1518,179,0
1,24,27,4096,RSA-PKCS1v15,14,380,0,13,0.8888888888888888,2521,0,0,1584,247,1
1,4,29,2048,RSA-PSS,16,525,1,2,0.13793103448275862,4829,1,0,463,897,0
0,0,1,2048,RSA-PSS,11,1000,1,22,0.0,1831,0,0,523,674,0
1,15,17,2048,RSA-PSS,21,735,1,20,0.8823529411764706,4899,0,0,770,675,1
1,18,30,4096,RSA-PSS,22,387,1,43,0.6,4282,0,0,855,730,1
1,8,13,3072,RSA-PSS,13,257,1,5,0.6153846153846154,2600,1,0,792,317,1
1,4,21,3072,RSA-PSS,11,370,1,6,0.19047619047619047,2566,0,0,1746,286,0
0,7,19,2048,RSA-PSS,17,736,1,35,0.3684210526315789,1595,1,0,1348,76,1
0,8,19,3072,RSA-PSS,3,256,1,1,0.42105263157894735,1688,0,0,1871,974,1
1,4,25,2048,RSA-PKCS1v15,13,586,1,35,0.16,4669,0,0,1548,999,0
0,9,22,3072,RSA-PKCS1v15,18,832,1,3,0.4090909090909091,2290,0,0,443,452,1
1,24,31,4096,RSA-PSS,12,892,1,36,0.7741935483870968,3759,0,0,251,204,1
1,1,17,3072,RSA-PKCS1v15,22,1023,1,7,0.058823529411764705,2548,0,0,1859,728,0
1,8,23,3072,RSA-PKCS1v15,17,646,1,29,0.34782608695652173,1026,0,0,160,424,0
1,21,32,3072,RSA-PKCS1v15,10,398,1,15,0.65625,453,0,0,36,735,1
1,5,10,3072,RSA-PKCS1v15,5,583,1,11,0.5,2077,0,0,1685,193,1
1,5,10,2048,RSA-PKCS1v15,8,1013,0,18,0.5,3692,0,0,880,293,1
0,1,8,3072,RSA-PKCS1v15,11,883,1,44,0.125,3808,0,0,1222,704,1
1,5,20,2048,RSA-PSS,18,632,1,4,0.25,3637,0,0,1474,897,0
1,32,32,2048,RSA-PSS,13,345,1,24,1.0,120,0,0,1402,911,1
1,1,14,2048,RSA-PKCS1v15,14,297,1,11,0.07142857142857142,2544,1,0,1270,781,0
1,6,28,3072,RSA-PSS,10,290,1,6,0.21428571428571427,98,0,0,393,413,0
0,0,24,2048,RSA-PKCS1v15,5,749,1,18,0.0,3400,0,0,1228,439,1
1,14,15,3072,RSA-PSS,13,808,1,15,0.9333333333333333,1951,0,0,44,301,1
1,0,22,2048,RSA-PSS,2,379,1,3,0.0,3320,0,0,315,260,0
1,0,30,2048,RSA-PSS,18,312,1,17,0.0,81,0,0,408,192,0
1,3,4,3072,RSA-PKCS1v15,19,711,1,33,0.75,831,0,0,895,271,0
1,3,13,2048,RSA-PSS,10,490,1,34,0.23076923076923078,3480,0,1,1855,616,0
1,17,23,3072,RSA-PSS,23,863,1,30,0.7391304347826086,825,0,0,206,432,1
1,0,8,3072,RSA-PKCS1v15,16,647,1,19,0.0,413,0,0,1265,716,0
1,9,18,4096,RSA-PKCS1v15,16,747,1,9,0.5,1708,0,0,41,696,1
1,8,12,3072,RSA-PSS,22,598,1,40,0.6666666666666666,4356,0,0,588,217,1
0,22,31,1024,RSA-PKCS1v15,2,899,1,44,0.7096774193548387,2926,0,0,714,91,1
1,3,14,2048,RSA-PSS,13,431,1,31,0.21428571428571427,2052,0,0,1387,198,0
1,5,34,2048,RSA-PSS,6,307,1,27,0.14705882352941177,1963,0,0,898,983,0
1,15,18,4096,RSA-PKCS1v15,18,805,1,47,0.8333333333333334,4973,0,0,95,399,1
1,33,34,2048,RSA-PKCS1v15,2,733,1,25,0.9705882352941176,3303,0,0,540,39,1
1,6,11,2048,RSA-PSS,1,744,1,7,0.5454545454545454,3712,0,0,1168,709,1
0,1,12,2048,RSA-PKCS1v15,16,260,1,48,0.08333333333333333,3263,0,0,59,471,1
1,9,15,4096,RSA-PSS,8,980,1,7,0.6,3811,0,0,1665,79,1
1,23,31,2048,RSA-PKCS1v15,21,887,1,20,0.7419354838709677,265,1,0,854,729,1
1,23,29,4096,RSA-PKCS1v15,5,464,1,44,0.7931034482758621,1941,0,0,509,828,1
1,16,26,1024,RSA-PKCS1v15,23,472,1,49,0.6153846153846154,1121,0,0,513,94,1
0,12,18,2048,RSA-PKCS1v15,20,791,1,43,0.6666666666666666,882,0,0,799,684,1
1,17,32,2048,RSA-PKCS1v15,8,597,1,36,0.53125,4597,1,0,1046,43,1
1,21,22,4096,RSA-PSS,4,972,0,19,0.9545454545454546,1571,0,0,738,132,1
0,12,17,4096,RSA-PSS,1,656,1,2,0.7058823529411765,4738,0,1,1228,77,1
1,16,23,2048,RSA-PSS,21,717,0,34,0.6956521739130435,4467,1,0,699,946,1
1,4,24,1024,RSA-PKCS1v15,14,993,1,17,0.16666666666666666,903,0,0,887,232,0
1,6,8,3072,RSA-PSS,8,985,1,24,0.75,2694,0,0,471,39,1
1,4,6,2048,RSA-PSS,18,466,1,9,0.6666666666666666,1256,0,0,284,566,0
1,1,5,2048,RSA-PKCS1v15,9,281,1,1,0.2,756,0,0,372,151,0
0,16,29,1024,RSA-PKCS1v15,3,507,1,42,0.5517241379310345,4063,0,0,1522,700,1
0,14,28,1024,RSA-PKCS1v15,9,258,1,28,0.5,4095,0,0,1356,976,1
1,1,11,2048,RSA-PSS,7,257,1,15,0.09090909090909091,1016,0,0,1051,419,0
1,0,1,2048,RSA-PSS,21,859,1,21,0.0,2750,1,0,855,822,0
1,18,19,2048,RSA-PKCS1v15,12,257,0,15,0.9473684210526315,4320,0,0,129,186,1
1,9,9,4096,RSA-PSS,6,405,1,23,1.0,4332,0,0,1404,318,1
0,1,27,2048,RSA-PSS,6,838,1,2,0.037037037037037035,900,0,0,507,464,1
1,3,34,3072,RSA-PKCS1v15,3,259,1,46,0.08823529411764706,2501,0,0,1899,432,0
0,2,4,2048,RSA-PSS,14,752,1,36,0.5,2886,0,0,1922,135,1
0,6,18,3072,RSA-PKCS1v15,11,805,1,50,0.3333333333333333,1641,0,0,1119,503,1
1,7,15,2048,RSA-PSS,15,723,1,9,0.4666666666666667,3713,0,0,578,685,0
1,1,13,3072,RSA-PKCS1v15,5,325,1,2,0.07692307692307693,2036,0,0,1201,269,0
1,9,19,2048,RSA-PSS,8,456,1,2,0.47368421052631576,4117,1,0,473,437,1
1,6,6,4096,RSA-PSS,2,563,1,18,1.0,3332,0,0,1510,627,1
0,7,12,2048,RSA-PKCS1v15,7,507,1,17,0.5833333333333334,751,0,0,1008,498,1
0,5,17,2048,RSA-PKCS1v15,6,542,1,41,0.29411764705882354,3018,0,0,1299,733,1
1,21,23,4096,RSA-PKCS1v15,3,547,1,8,0.9130434782608695,1986,1,0,668,551,1
0,25,26,3072,RSA-PKCS1v15,12,409,1,34,0.9615384615384616,3672,0,0,1990,340,1
1,0,29,2048,RSA-PSS,18,388,1,34,0.0,3810,1,0,1447,242,0
0,3,33,4096,RSA-PKCS1v15,6,841,1,5,0.09090909090909091,3581,0,0,1555,221,1
1,13,27,2048,RSA-PKCS1v15,9,529,1,44,0.48148148148148145,2921,1,0,1919,658,1
0,16,25,2048,RSA-PKCS1v15,11,952,1,29,0.64,3094,0,0,1908,918,1
0,3,10,4096,RSA-PKCS1v15,2,764,1,28,0.3,783,0,0,320,676,0
1,17,23,2048,RSA-PKCS1v15,23,608,1,16,0.7391304347826086,2154,0,1,58,361,1
1,10,21,4096,RSA-PSS,11,260,1,14,0.47619047619047616,1002,0,0,273,949,0
0,20,21,2048,RSA-PKCS1v15,18,548,1,2,0.9523809523809523,1848,1,0,1222,880,1
1,9,13,3072,RSA-PKCS1v15,14,615,1,40,0.6923076923076923,3823,0,0,1103,996,1
1,13,33,3072,RSA-PKCS1v15,7,853,0,4,0.3939393939393939,4917,0,0,982,840,1
1,8,24,4096,RSA-PSS,11,469,1,41,0.3333333333333333,3331,0,0,41,771,1
1,10,11,3072,RSA-PSS,19,661,1,31,0.9090909090909091,3852,0,1,738,190,1
0,14,17,1024,RSA-PSS,5,691,0,26,0.8235294117647058,3263,0,0,1797,413,1
1,3,4,3072,RSA-PKCS1v15,9,270,1,27,0.75,1885,0,0,1269,329,0
1,9,25,2048,RSA-PKCS1v15,1,528,1,34,0.36,3247,1,1,1047,776,1
1,18,30,4096,RSA-PSS,23,818,1,31,0.6,13,1,0,709,222,1
1,7,9,4096,RSA-PSS,12,1020,1,48,0.7777777777777778,174,0,1,236,844,1
1,18,21,3072,RSA-PKCS1v15,6,300,1,11,0.8571428571428571,4449,0,1,126,686,1
1,5,20,4096,RSA-PKCS1v15,7,958,1,8,0.25,1907,0,1,778,92,1
1,19,19,2048,RSA-PKCS1v15,22,889,0,12,1.0,3250,0,0,836,440,1
1,5,19,3072,RSA-PSS,15,667,1,35,0.2631578947368421,2577,0,0,140,106,0
0,7,12,2048,RSA-PKCS1v15,10,442,1,45,0.5833333333333334,3517,0,0,879,245,1
1,0,17,3072,RSA-PKCS1v15,3,981,1,34,0.0,2569,0,0,394,305,0
0,21,28,1024,RSA-PSS,16,916,1,13,0.75,1348,0,1,828,555,1
1,23,35,4096,RSA-PSS,15,425,1,27,0.6571428571428571,4647,0,0,127,906,1
1,14,18,2048,RSA-PSS,18,976,1,8,0.7777777777777778,622,0,0,1822,909,1
1,6,14,3072,RSA-PKCS1v15,22,849,1,47,0.42857142857142855,1894,0,0,1138,953,0
1,18,35,1024,RSA-PSS,10,656,1,21,0.5142857142857142,4034,0,0,1944,770,1
0,5,7,4096,RSA-PSS,6,963,1,41,0.7142857142857143,3144,0,0,837,833,1
0,8,13,2048,RSA-PKCS1v15,12,501,1,11,0.6153846153846154,1065,0,1,525,598,1
1,2,18,3072,RSA-PKCS1v15,18,807,1,22,0.1111111111111111,1632,0,0,1252,97,0
0,13,13,2048,RSA-PSS,16,935,1,21,1.0,3292,0,0,1545,976,1
1,29,31,3072,RSA-PKCS1v15,21,298,1,28,0.9354838709677419,2620,0,0,146,938,1
1,0,2,2048,RSA-PSS,12,978,1,3,0.0,3079,0,0,1187,954,0
1,10,16,3072,RSA-PKCS1v15,11,434,1,7,0.625,1265,0,0,735,477,1
1,3,9,2048,RSA-PKCS1v15,6,712,1,14,0.3333333333333333,2670,0,0,728,266,0
1,2,9,4096,RSA-PSS,0,790,1,15,0.2222222222222222,4234,0,0,1924,575,0
1,8,11,1024,RSA-PSS,0,862,1,9,0.7272727272727273,1052,0,0,169,103,1
1,9,22,2048,RSA-PSS,19,927,1,43,0.4090909090909091,4462,0,0,1562,254,1
1,33,33,3072,RSA-PKCS1v15,22,499,1,7,1.0,1452,0,0,1149,455,1
1,0,23,1024,RSA-PSS,13,272,1,12,0.0,3687,0,0,300,829,0
0,30,34,2048,RSA-PKCS1v15,14,367,1,19,0.8823529411764706,4186,0,0,1274,513,1
0,1,9,4096,RSA-PKCS1v15,10,870,1,27,0.1111111111111111,3696,0,0,938,666,0
1,22,24,4096,RSA-PSS,23,853,1,18,0.9166666666666666,1914,0,0,522,493,1
1,0,8,3072,RSA-PKCS1v15,8,802,1,13,0.0,2723,0,0,105,261,0
1,5,7,2048,RSA-PKCS1v15,16,285,1,43,0.7142857142857143,1887,0,0,618,35,1
1,13,18,2048,RSA-PSS,3,447,1,1,0.7222222222222222,800,0,0,969,381,1
1,2,3,3072,RSA-PKCS1v15,19,692,1,38,0.6666666666666666,234,0,0,1537,397,0
1,24,28,2048,RSA-PKCS1v15,18,434,1,21,0.8571428571428571,3044,0,0,1718,27,1
1,6,6,4096,RSA-PSS,6,871,1,34,1.0,4885,0,0,1936,908,1
1,13,21,2048,RSA-PSS,0,932,0,13,0.6190476190476191,4242,0,0,506,862,1
1,23,28,4096,RSA-PKCS1v15,8,729,1,45,0.8214285714285714,235,0,1,302,306,1
1,1,1,3072,RSA-PKCS1v15,12,889,1,41,1.0,3415,0,0,653,736,0
1,2,21,4096,RSA-PKCS1v15,23,389,1,23,0.09523809523809523,3189,0,0,1254,699,0
1,18,35,1024,RSA-PKCS1v15,1,567,1,1,0.5142857142857142,821,0,0,64,671,1
1,8,13,4096,RSA-PSS,1,991,1,23,0.6153846153846154,2502,0,0,590,581,1
0,1,10,2048,RSA-PKCS1v15,23,280,0,28,0.1,4112,0,0,232,165,1
1,2,10,3072,RSA-PKCS1v15,14,626,1,32,0.2,4233,0,0,1623,258,0
1,1,13,4096,RSA-PKCS1v15,16,780,1,8,0.07692307692307693,4076,1,0,1207,102,0
1,0,24,2048,RSA-PKCS1v15,12,574,1,26,0.0,4372,0,0,319,455,0
1,0,2,2048,RSA-PSS,6,485,1,14,0.0,4319,0,0,1682,193,0
1,5,22,3072,RSA-PKCS1v15,8,357,1,24,0.22727272727272727,256,0,0,829,771,0
1,4,17,2048,RSA-PSS,11,705,1,48,0.23529411764705882,1628,0,0,92,916,0
1,0,14,3072,RSA-PSS,2,633,1,29,0.0,1837,0,1,1659,898,0
1,2,10,2048,RSA-PSS,22,458,1,4,0.2,3455,0,0,1812,810,0
1,0,35,2048,RSA-PSS,21,522,1,18,0.0,430,0,0,961,299,0
1,20,25,3072,RSA-PSS,14,717,0,14,0.8,2774,0,1,64,21,1
1,0,3,3072,RSA-PKCS1v15,6,620,1,27,0.0,1381,0,0,844,45,0
1,15,17,2048,RSA-PSS,22,989,1,41,0.8823529411764706,4248,0,1,219,480,1
1,11,12,4096,RSA-PSS,0,359,1,47,0.9166666666666666,2198,0,0,704,496,1
1,21,24,4096,RSA-PSS,13,366,1,3,0.875,2622,0,0,619,788,1
1,7,29,3072,RSA-PKCS1v15,18,683,1,30,0.2413793103448276,2090,0,0,1933,683,0
1,25,25,2048,RSA-PSS,15,724,1,36,1.0,4334,0,0,247,690,1
1,15,26,2048,RSA-PKCS1v15,9,836,1,23,0.5769230769230769,2745,0,0,964,223,1
1,1,1,3072,RSA-PSS,0,935,1,18,1.0,839,1,0,1497,299,1
1,0,20,3072,RSA-PSS,4,816,0,46,0.0,3068,0,0,1990,481,1
0,3,28,2048,RSA-PKCS1v15,2,505,1,47,0.10714285714285714,859,0,0,1014,24,1
0,9,16,3072,RSA-PKCS1v15,16,737,1,40,0.5625,2790,0,0,57,338,1
1,10,17,2048,RSA-PKCS1v15,17,586,1,10,0.5882352941176471,1163,0,0,1069,84,1
1,16,28,1024,RSA-PSS,20,842,1,12,0.5714285714285714,4950,0,0,1912,60,1
0,8,12,3072,RSA-PKCS1v15,18,456,1,41,0.6666666666666666,3839,0,0,1110,288,1
1,26,27,3072,RSA-PKCS1v15,21,709,0,8,0.9629629629629629,2692,0,0,1062,634,1
1,22,30,2048,RSA-PKCS1v15,21,759,1,32,0.7333333333333333,3089,0,0,182,517,1
1,6,34,3072,RSA-PKCS1v15,17,801,1,17,0.17647058823529413,412,0,0,164,898,0
1,3,6,4096,RSA-PKCS1v15,15,366,1,41,0.5,2985,0,0,757,154,0
1,4,7,3072,RSA-PSS,1,1004,1,45,0.5714285714285714,1612,1,0,1859,281,1
1,6,32,3072,RSA-PKCS1v15,14,799,1,14,0.1875,4732,0,0,1913,434,0
1,14,32,2048,RSA-PSS,12,464,0,37,0.4375,990,0,0,126,342,1
0,1,25,2048,RSA-PKCS1v15,12,899,1,9,0.04,2304,0,0,1231,935,1
1,3,33,2048,RSA-PKCS1v15,15,873,1,26,0.09090909090909091,2394,0,1,267,86,1
1,5,7,3072,RSA-PSS,7,288,1,48,0.7142857142857143,3362,1,0,354,587,1
0,6,12,4096,RSA-PSS,10,810,1,24,0.5,4138,0,0,1435,779,1
1,1,16,2048,RSA-PSS,7,362,1,23,0.0625,808,0,0,1623,191,0
1,9,16,2048,RSA-PSS,21,520,1,31,0.5625,2605,0,0,1681,252,1
1,1,13,2048,RSA-PKCS1v15,9,481,1,39,0.07692307692307693,1376,0,0,1146,68,0
1,4,7,2048,RSA-PSS,22,742,1,44,0.5714285714285714,2948,0,0,1532,865,0
1,0,9,4096,RSA-PKCS1v15,0,434,1,2,0.0,1272,1,0,610,146,0
1,11,32,3072,RSA-PKCS1v15,11,477,1,50,0.34375,2786,0,1,469,991,1
1,5,11,2048,RSA-PKCS1v15,8,625,1,18,0.45454545454545453,3258,0,0,801,876,0
1,5,8,3072,RSA-PSS,4,892,1,16,0.625,313,0,0,133,634,1
0,31,33,3072,RSA-PSS,8,422,1,29,0.9393939393939394,1703,1,0,1403,924,1
1,8,23,3072,RSA-PSS,15,918,1,11,0.34782608695652173,2326,0,0,1012,554,0
1,19,25,2048,RSA-PKCS1v15,17,808,1,2,0.76,4505,0,0,849,828,1
1,0,8,2048,RSA-PSS,7,555,1,14,0.0,931,0,0,1020,662,0
1,21,22,2048,RSA-PSS,22,636,1,4,0.9545454545454546,430,0,0,318,936,1
1,4,4,4096,RSA-PKCS1v15,10,290,1,39,1.0,2188,0,1,1601,574,1
1,1,3,3072,RSA-PSS,19,662,1,34,0.3333333333333333,3819,0,0,711,255,0
1,5,29,3072,RSA-PKCS1v15,18,757,1,46,0.1724137931034483,1176,1,0,1149,131,1
0,18,29,2048,RSA-PSS,3,569,1,39,0.6206896551724138,4683,0,0,451,839,1
1,17,34,2048,RSA-PSS,19,998,1,9,0.5,549,0,0,1882,959,1
1,5,34,2048,RSA-PSS,9,982,1,40,0.14705882352941177,3509,0,0,1744,377,1
1,12,28,4096,RSA-PSS,23,356,1,41,0.42857142857142855,1470,0,1,1232,532,1
0,0,13,2048,RSA-PSS,12,824,1,7,0.0,4697,0,0,1324,199,0
1,6,15,2048,RSA-PKCS1v15,19,470,1,17,0.4,4749,1,0,1513,839,1
0,22,23,4096,RSA-PSS,13,923,1,23,0.9565217391304348,337,0,0,633,221,1
1,25,26,3072,RSA-PSS,20,831,1,45,0.9615384615384616,2869,0,0,142,410,1
1,4,4,4096,RSA-PSS,1,317,1,11,1.0,2103,0,0,1004,937,0
0,6,26,1024,RSA-PSS,3,624,1,22,0.23076923076923078,2141,1,1,1498,643,1
1,9,9,3072,RSA-PSS,6,623,1,18,1.0,2851,0,0,859,171,1
1,0,5,2048,RSA-PSS,18,829,1,49,0.0,361,0,0,569,145,0
1,14,32,4096,RSA-PSS,16,349,1,28,0.4375,4742,0,0,304,488,0
1,3,20,1024,RSA-PKCS1v15,15,724,1,16,0.15,3918,0,0,657,852,0
0,6,11,2048,RSA-PKCS1v15,12,281,1,42,0.5454545454545454,243,0,0,1580,354,1
1,15,15,4096,RSA-PSS,23,690,1,4,1.0,3132,0,0,644,181,1
0,26,32,3072,RSA-PKCS1v15,23,376,1,36,0.8125,4886,0,0,593,948,1
1,24,28,3072,RSA-PSS,21,305,0,22,0.8571428571428571,2738,1,0,1889,161,1
1,4,22,2048,RSA-PKCS1v15,22,1019,1,11,0.18181818181818182,942,0,0,30,464,0
0,1,17,2048,RSA-PSS,17,291,1,21,0.058823529411764705,1833,0,0,1401,60,0
1,22,26,3072,RSA-PSS,20,665,1,40,0.8461538461538461,3510,1,0,1365,215,1
0,1,7,3072,RSA-PKCS1v15,11,544,1,41,0.14285714285714285,4083,0,0,1233,580,1
1,0,26,4096,RSA-PSS,22,634,1,16,0.0,3355,0,0,1995,952,0
